{
  "OBSIDIAN": {
    "RISK_ON": {
      "alpha": 13.039457599752904,
      "beta": 17.80635963701792,
      "n": 51
    }
  },
  "WEAVER": {
    "RISK_ON": {
      "alpha": 85.21009787605504,
      "beta": 40.19193768796418,
      "n": 273
    }
  },
  "THUNDERHEAD": {
    "RISK_ON": {
      "alpha": 60.09255205167376,
      "beta": 48.15849136734756,
      "n": 163
    }
  },
  "ZENITH": {
    "RISK_ON": {
      "alpha": 111.89331269287953,
      "beta": 82.92442146245422,
      "n": 443
    }
  },
  "HEX": {
    "RISK_ON": {
      "alpha": 79.31995243369248,
      "beta": 65.11153669576889,
      "n": 280
    }
  },
  "SYNTH": {
    "RISK_ON": {
      "alpha": 60.5743959749242,
      "beta": 59.56182582161119,
      "n": 232
    }
  },
  "KESTREL": {
    "RISK_ON": {
      "alpha": 7.937686870095622,
      "beta": 8.339367162375304,
      "n": 22
    }
  },
  "STEADFAST": {
    "RISK_ON": {
      "alpha": 23.81264006917173,
      "beta": 15.227996171980077,
      "n": 62
    }
  },
  "FORGE": {
    "RISK_ON": {
      "alpha": 30.325420329413124,
      "beta": 16.74439486110697,
      "n": 56
    }
  },
  "ATLAS": {
    "RISK_ON": {
      "alpha": 10.715220818195043,
      "beta": 7.793211451266878,
      "n": 24
    }
  },
  "TALON": {
    "RISK_ON": {
      "alpha": 6.781373140885982,
      "beta": 5.684859924531059,
      "n": 15
    }
  },
  "BARON": {
    "RISK_ON": {
      "alpha": 4.5188923795,
      "beta": 1.0,
      "n": 3
    }
  },
  "JADE": {
    "RISK_ON": {
      "alpha": 1.9985,
      "beta": 1.0,
      "n": 2
    }
  }
}