{
  "OBSIDIAN": {
    "RISK_ON": {
      "alpha": 45.410079299318255,
      "beta": 43.62926420132032,
      "n": 130
    },
    "NEUTRAL": {
      "alpha": 5.9679841425016456,
      "beta": 3.9435630510140856,
      "n": 15
    }
  },
  "WEAVER": {
    "RISK_ON": {
      "alpha": 153.36131821635186,
      "beta": 83.38955733467137,
      "n": 565
    },
    "NEUTRAL": {
      "alpha": 13.875335760191382,
      "beta": 10.806100050872521,
      "n": 40
    }
  },
  "THUNDERHEAD": {
    "RISK_ON": {
      "alpha": 82.52596350233166,
      "beta": 79.82897704370747,
      "n": 242
    },
    "NEUTRAL": {
      "alpha": 20.085956427311046,
      "beta": 31.69183389805097,
      "n": 94
    }
  },
  "ZENITH": {
    "RISK_ON": {
      "alpha": 139.44230319392153,
      "beta": 174.19692706425235,
      "n": 1063
    },
    "NEUTRAL": {
      "alpha": 27.990117004118375,
      "beta": 36.825977042801114,
      "n": 124
    }
  },
  "HEX": {
    "RISK_ON": {
      "alpha": 138.74886998141025,
      "beta": 117.49284378199712,
      "n": 627
    },
    "NEUTRAL": {
      "alpha": 30.819811697391557,
      "beta": 23.85783174828295,
      "n": 108
    }
  },
  "SYNTH": {
    "RISK_ON": {
      "alpha": 136.2555865779481,
      "beta": 135.96969710765364,
      "n": 519
    },
    "NEUTRAL": {
      "alpha": 1.0,
      "beta": 1.0,
      "n": 0
    }
  },
  "KESTREL": {
    "RISK_ON": {
      "alpha": 21.43549948170294,
      "beta": 19.301182945226152,
      "n": 57
    },
    "NEUTRAL": {
      "alpha": 2.0835791390000002,
      "beta": 3.112687797742879,
      "n": 6
    }
  },
  "STEADFAST": {
    "RISK_ON": {
      "alpha": 51.89436673349068,
      "beta": 29.226904274769076,
      "n": 131
    },
    "NEUTRAL": {
      "alpha": 9.164572617603088,
      "beta": 1.97479491738941,
      "n": 13
    }
  },
  "FORGE": {
    "RISK_ON": {
      "alpha": 52.65914555483281,
      "beta": 56.07509358401253,
      "n": 129
    },
    "NEUTRAL": {
      "alpha": 1.0,
      "beta": 19.68781255277877,
      "n": 14
    }
  },
  "ATLAS": {
    "RISK_ON": {
      "alpha": 17.894401995131176,
      "beta": 15.902307370721795,
      "n": 47
    },
    "NEUTRAL": {
      "alpha": 3.8366213919125003,
      "beta": 1.8845,
      "n": 4
    }
  },
  "TALON": {
    "RISK_ON": {
      "alpha": 7.80261138060243,
      "beta": 9.260796180900487,
      "n": 23
    },
    "NEUTRAL": {
      "alpha": 1.7602125,
      "beta": 1.8845,
      "n": 2
    }
  },
  "BARON": {
    "RISK_ON": {
      "alpha": 5.965154461208674,
      "beta": 4.321479885591892,
      "n": 9
    },
    "NEUTRAL": {
      "alpha": 1.0,
      "beta": 1.0,
      "n": 0
    }
  },
  "JADE": {
    "RISK_ON": {
      "alpha": 6.8454955307715775,
      "beta": 15.290246588522182,
      "n": 22
    },
    "NEUTRAL": {
      "alpha": 1.5,
      "beta": 1.4985,
      "n": 2
    }
  },
  "MAGUS": {
    "NEUTRAL": {
      "alpha": 4.832611527736763,
      "beta": 1.8818465,
      "n": 5
    },
    "RISK_ON": {
      "alpha": 3.77260437090736,
      "beta": 5.5496094063877495,
      "n": 12
    }
  }
}