{
  "OBSIDIAN": {
    "RISK_ON": {
      "alpha": 32.23418945147312,
      "beta": 36.70440154813438,
      "n": 96
    },
    "NEUTRAL": {
      "alpha": 5.9679841425016456,
      "beta": 3.9435630510140856,
      "n": 15
    }
  },
  "WEAVER": {
    "RISK_ON": {
      "alpha": 160.0648389128788,
      "beta": 57.871060285088085,
      "n": 453
    },
    "NEUTRAL": {
      "alpha": 13.875335760191382,
      "beta": 10.806100050872521,
      "n": 40
    }
  },
  "THUNDERHEAD": {
    "RISK_ON": {
      "alpha": 80.4553640678717,
      "beta": 71.06457580511419,
      "n": 223
    },
    "NEUTRAL": {
      "alpha": 20.085956427311046,
      "beta": 31.69183389805097,
      "n": 94
    }
  },
  "ZENITH": {
    "RISK_ON": {
      "alpha": 183.93161534915149,
      "beta": 134.38275217863736,
      "n": 785
    },
    "NEUTRAL": {
      "alpha": 27.990117004118375,
      "beta": 36.825977042801114,
      "n": 124
    }
  },
  "HEX": {
    "RISK_ON": {
      "alpha": 108.1605697710462,
      "beta": 131.2450145279611,
      "n": 503
    },
    "NEUTRAL": {
      "alpha": 30.819811697391557,
      "beta": 23.85783174828295,
      "n": 108
    }
  },
  "SYNTH": {
    "RISK_ON": {
      "alpha": 135.34372701438923,
      "beta": 109.11469409402841,
      "n": 418
    },
    "NEUTRAL": {
      "alpha": 1.0,
      "beta": 1.0,
      "n": 0
    }
  },
  "KESTREL": {
    "RISK_ON": {
      "alpha": 18.997954980883172,
      "beta": 14.902863090597247,
      "n": 44
    },
    "NEUTRAL": {
      "alpha": 2.0835791390000002,
      "beta": 3.112687797742879,
      "n": 6
    }
  },
  "STEADFAST": {
    "RISK_ON": {
      "alpha": 41.26910178577514,
      "beta": 24.05413501055338,
      "n": 102
    },
    "NEUTRAL": {
      "alpha": 9.164572617603088,
      "beta": 1.97479491738941,
      "n": 13
    }
  },
  "FORGE": {
    "RISK_ON": {
      "alpha": 48.076283372762596,
      "beta": 40.7239694009284,
      "n": 108
    },
    "NEUTRAL": {
      "alpha": 1.0,
      "beta": 19.68781255277877,
      "n": 14
    }
  },
  "ATLAS": {
    "RISK_ON": {
      "alpha": 17.180917293026983,
      "beta": 12.133363599092997,
      "n": 39
    },
    "NEUTRAL": {
      "alpha": 3.8366213919125003,
      "beta": 1.8845,
      "n": 4
    }
  },
  "TALON": {
    "RISK_ON": {
      "alpha": 7.864204069047504,
      "beta": 7.460507044040351,
      "n": 20
    },
    "NEUTRAL": {
      "alpha": 1.7602125,
      "beta": 1.8845,
      "n": 2
    }
  },
  "BARON": {
    "RISK_ON": {
      "alpha": 4.487317263168652,
      "beta": 3.6583331810000006,
      "n": 6
    },
    "NEUTRAL": {
      "alpha": 1.0,
      "beta": 1.0,
      "n": 0
    }
  },
  "JADE": {
    "RISK_ON": {
      "alpha": 4.055730711949611,
      "beta": 11.002743185889841,
      "n": 12
    },
    "NEUTRAL": {
      "alpha": 1.5,
      "beta": 1.4985,
      "n": 2
    }
  },
  "MAGUS": {
    "NEUTRAL": {
      "alpha": 4.832611527736763,
      "beta": 1.8818465,
      "n": 5
    },
    "RISK_ON": {
      "alpha": 2.7155749285560002,
      "beta": 1.5288127879999998,
      "n": 4
    }
  }
}