{
  "OBSIDIAN": {
    "RISK_ON": {
      "alpha": 13.185021177737456,
      "beta": 13.270871193678754,
      "n": 47
    }
  },
  "WEAVER": {
    "RISK_ON": {
      "alpha": 72.69297843243368,
      "beta": 41.37353448667613,
      "n": 251
    }
  },
  "THUNDERHEAD": {
    "RISK_ON": {
      "alpha": 57.5792297684617,
      "beta": 48.18252471265735,
      "n": 159
    }
  },
  "ZENITH": {
    "RISK_ON": {
      "alpha": 93.42143263507414,
      "beta": 83.08627823262704,
      "n": 407
    }
  },
  "HEX": {
    "RISK_ON": {
      "alpha": 74.00860748566312,
      "beta": 64.26679248285869,
      "n": 266
    }
  },
  "SYNTH": {
    "RISK_ON": {
      "alpha": 54.559902973968,
      "beta": 56.351773318855415,
      "n": 218
    }
  },
  "KESTREL": {
    "RISK_ON": {
      "alpha": 6.430088530481737,
      "beta": 8.383602323897776,
      "n": 20
    }
  },
  "STEADFAST": {
    "RISK_ON": {
      "alpha": 19.606658404477706,
      "beta": 10.43185760770378,
      "n": 51
    }
  },
  "FORGE": {
    "RISK_ON": {
      "alpha": 25.52955246065142,
      "beta": 13.729966003516342,
      "n": 45
    }
  },
  "ATLAS": {
    "RISK_ON": {
      "alpha": 7.991525777608273,
      "beta": 6.615692141823965,
      "n": 19
    }
  },
  "TALON": {
    "RISK_ON": {
      "alpha": 5.5484293199817705,
      "beta": 4.446936893846842,
      "n": 12
    }
  },
  "BARON": {
    "RISK_ON": {
      "alpha": 4.5188923795,
      "beta": 1.0,
      "n": 3
    }
  },
  "JADE": {
    "RISK_ON": {
      "alpha": 1.9985,
      "beta": 1.0,
      "n": 2
    }
  }
}