{
  "OBSIDIAN": {
    "RISK_ON": {
      "alpha": 13.185021177737456,
      "beta": 13.270871193678754,
      "n": 47
    }
  },
  "WEAVER": {
    "RISK_ON": {
      "alpha": 72.47116216496397,
      "beta": 40.46040074755473,
      "n": 249
    }
  },
  "THUNDERHEAD": {
    "RISK_ON": {
      "alpha": 56.21387138260953,
      "beta": 48.324498207279184,
      "n": 158
    }
  },
  "ZENITH": {
    "RISK_ON": {
      "alpha": 93.68050815310568,
      "beta": 78.61624993896815,
      "n": 404
    }
  },
  "HEX": {
    "RISK_ON": {
      "alpha": 71.21926528150765,
      "beta": 64.45716397478304,
      "n": 265
    }
  },
  "SYNTH": {
    "RISK_ON": {
      "alpha": 54.882714315431755,
      "beta": 53.34281814234621,
      "n": 216
    }
  },
  "KESTREL": {
    "RISK_ON": {
      "alpha": 6.446427813923508,
      "beta": 7.045739542525353,
      "n": 19
    }
  },
  "STEADFAST": {
    "RISK_ON": {
      "alpha": 19.606658404477706,
      "beta": 10.43185760770378,
      "n": 51
    }
  },
  "FORGE": {
    "RISK_ON": {
      "alpha": 24.137167229523495,
      "beta": 12.700371931759513,
      "n": 43
    }
  },
  "ATLAS": {
    "RISK_ON": {
      "alpha": 8.01256346801231,
      "beta": 5.476120503333966,
      "n": 18
    }
  },
  "TALON": {
    "RISK_ON": {
      "alpha": 5.5484293199817705,
      "beta": 4.446936893846842,
      "n": 12
    }
  },
  "BARON": {
    "RISK_ON": {
      "alpha": 4.5188923795,
      "beta": 1.0,
      "n": 3
    }
  },
  "JADE": {
    "RISK_ON": {
      "alpha": 1.9985,
      "beta": 1.0,
      "n": 2
    }
  }
}