{
  "OBSIDIAN": {
    "RISK_ON": {
      "alpha": 13.039457599752904,
      "beta": 17.80635963701792,
      "n": 51
    }
  },
  "WEAVER": {
    "RISK_ON": {
      "alpha": 86.92540682714056,
      "beta": 39.84026737290775,
      "n": 276
    }
  },
  "THUNDERHEAD": {
    "RISK_ON": {
      "alpha": 60.09255205167376,
      "beta": 48.15849136734756,
      "n": 163
    }
  },
  "ZENITH": {
    "RISK_ON": {
      "alpha": 113.01400578196595,
      "beta": 83.00541908517869,
      "n": 449
    }
  },
  "HEX": {
    "RISK_ON": {
      "alpha": 79.0849925763914,
      "beta": 65.61820208568157,
      "n": 281
    }
  },
  "SYNTH": {
    "RISK_ON": {
      "alpha": 63.883933919925695,
      "beta": 58.688653210621304,
      "n": 237
    }
  },
  "KESTREL": {
    "RISK_ON": {
      "alpha": 7.937686870095622,
      "beta": 8.339367162375304,
      "n": 22
    }
  },
  "STEADFAST": {
    "RISK_ON": {
      "alpha": 24.671680813889772,
      "beta": 15.666327978173005,
      "n": 65
    }
  },
  "FORGE": {
    "RISK_ON": {
      "alpha": 30.848731736219612,
      "beta": 17.51596469149408,
      "n": 58
    }
  },
  "ATLAS": {
    "RISK_ON": {
      "alpha": 11.320575155740457,
      "beta": 7.772831816913078,
      "n": 25
    }
  },
  "TALON": {
    "RISK_ON": {
      "alpha": 6.781373140885982,
      "beta": 5.684859924531059,
      "n": 15
    }
  },
  "BARON": {
    "RISK_ON": {
      "alpha": 4.5188923795,
      "beta": 1.0,
      "n": 3
    }
  },
  "JADE": {
    "RISK_ON": {
      "alpha": 1.9985,
      "beta": 1.0,
      "n": 2
    }
  }
}