{
  "OBSIDIAN": {
    "RISK_ON": {
      "alpha": 18.676494361503604,
      "beta": 27.709729958348415,
      "n": 67
    }
  },
  "WEAVER": {
    "RISK_ON": {
      "alpha": 112.43966765393178,
      "beta": 45.31770549507394,
      "n": 337
    }
  },
  "THUNDERHEAD": {
    "RISK_ON": {
      "alpha": 64.7127725405492,
      "beta": 54.31708449533607,
      "n": 180
    }
  },
  "ZENITH": {
    "RISK_ON": {
      "alpha": 154.24303576040657,
      "beta": 87.74108852269083,
      "n": 547
    }
  },
  "HEX": {
    "RISK_ON": {
      "alpha": 86.1879757206271,
      "beta": 78.05682948344885,
      "n": 321
    }
  },
  "SYNTH": {
    "RISK_ON": {
      "alpha": 108.67942954053817,
      "beta": 61.3421381311039,
      "n": 291
    }
  },
  "KESTREL": {
    "RISK_ON": {
      "alpha": 12.946394119720676,
      "beta": 9.920480709394552,
      "n": 30
    }
  },
  "STEADFAST": {
    "RISK_ON": {
      "alpha": 29.078364938618247,
      "beta": 19.409067407011715,
      "n": 75
    }
  },
  "FORGE": {
    "RISK_ON": {
      "alpha": 38.1552403081326,
      "beta": 21.98350942211918,
      "n": 75
    }
  },
  "ATLAS": {
    "RISK_ON": {
      "alpha": 15.861830099613226,
      "beta": 7.671847068599663,
      "n": 30
    }
  },
  "TALON": {
    "RISK_ON": {
      "alpha": 7.9263544343989345,
      "beta": 5.656792928723194,
      "n": 17
    }
  },
  "BARON": {
    "RISK_ON": {
      "alpha": 4.508335702361499,
      "beta": 1.909,
      "n": 4
    }
  },
  "JADE": {
    "RISK_ON": {
      "alpha": 1.9895404325405,
      "beta": 5.6046242274999996,
      "n": 5
    }
  }
}