{
  "OBSIDIAN": {
    "RISK_ON": {
      "alpha": 13.075684653714045,
      "beta": 16.925135042144355,
      "n": 50
    }
  },
  "WEAVER": {
    "RISK_ON": {
      "alpha": 84.43791161088771,
      "beta": 40.309867289833676,
      "n": 272
    }
  },
  "THUNDERHEAD": {
    "RISK_ON": {
      "alpha": 60.09255205167376,
      "beta": 48.15849136734756,
      "n": 163
    }
  },
  "ZENITH": {
    "RISK_ON": {
      "alpha": 110.92859848834456,
      "beta": 83.17093426524997,
      "n": 442
    }
  },
  "HEX": {
    "RISK_ON": {
      "alpha": 79.49035500842264,
      "beta": 64.16135084122367,
      "n": 277
    }
  },
  "SYNTH": {
    "RISK_ON": {
      "alpha": 58.60557849569189,
      "beta": 59.91478429431845,
      "n": 230
    }
  },
  "KESTREL": {
    "RISK_ON": {
      "alpha": 7.937686870095622,
      "beta": 8.339367162375304,
      "n": 22
    }
  },
  "STEADFAST": {
    "RISK_ON": {
      "alpha": 23.950134323906255,
      "beta": 13.522454698076253,
      "n": 60
    }
  },
  "FORGE": {
    "RISK_ON": {
      "alpha": 30.325420329413124,
      "beta": 16.74439486110697,
      "n": 56
    }
  },
  "ATLAS": {
    "RISK_ON": {
      "alpha": 10.715220818195043,
      "beta": 7.793211451266878,
      "n": 24
    }
  },
  "TALON": {
    "RISK_ON": {
      "alpha": 6.781373140885982,
      "beta": 5.684859924531059,
      "n": 15
    }
  },
  "BARON": {
    "RISK_ON": {
      "alpha": 4.5188923795,
      "beta": 1.0,
      "n": 3
    }
  },
  "JADE": {
    "RISK_ON": {
      "alpha": 1.9985,
      "beta": 1.0,
      "n": 2
    }
  }
}