{
  "OBSIDIAN": {
    "RISK_ON": {
      "alpha": 13.039457599752904,
      "beta": 17.80635963701792,
      "n": 51
    }
  },
  "WEAVER": {
    "RISK_ON": {
      "alpha": 86.6257841796796,
      "beta": 39.95713878927558,
      "n": 275
    }
  },
  "THUNDERHEAD": {
    "RISK_ON": {
      "alpha": 60.09255205167376,
      "beta": 48.15849136734756,
      "n": 163
    }
  },
  "ZENITH": {
    "RISK_ON": {
      "alpha": 112.57594282296688,
      "beta": 83.22931141671224,
      "n": 446
    }
  },
  "HEX": {
    "RISK_ON": {
      "alpha": 79.31995243369248,
      "beta": 65.11153669576889,
      "n": 280
    }
  },
  "SYNTH": {
    "RISK_ON": {
      "alpha": 62.578486130332514,
      "beta": 59.03634897734457,
      "n": 235
    }
  },
  "KESTREL": {
    "RISK_ON": {
      "alpha": 7.937686870095622,
      "beta": 8.339367162375304,
      "n": 22
    }
  },
  "STEADFAST": {
    "RISK_ON": {
      "alpha": 24.264202148964216,
      "beta": 15.185312183464138,
      "n": 63
    }
  },
  "FORGE": {
    "RISK_ON": {
      "alpha": 30.237444068424885,
      "beta": 17.56566167652365,
      "n": 57
    }
  },
  "ATLAS": {
    "RISK_ON": {
      "alpha": 10.715220818195043,
      "beta": 7.793211451266878,
      "n": 24
    }
  },
  "TALON": {
    "RISK_ON": {
      "alpha": 6.781373140885982,
      "beta": 5.684859924531059,
      "n": 15
    }
  },
  "BARON": {
    "RISK_ON": {
      "alpha": 4.5188923795,
      "beta": 1.0,
      "n": 3
    }
  },
  "JADE": {
    "RISK_ON": {
      "alpha": 1.9985,
      "beta": 1.0,
      "n": 2
    }
  }
}