{
  "OBSIDIAN": {
    "RISK_ON": {
      "alpha": 28.7848795989199,
      "beta": 31.306180502918878,
      "n": 83
    },
    "NEUTRAL": {
      "alpha": 1.0,
      "beta": 1.0,
      "n": 0
    }
  },
  "WEAVER": {
    "RISK_ON": {
      "alpha": 152.970172622369,
      "beta": 50.32125443828124,
      "n": 412
    },
    "NEUTRAL": {
      "alpha": 1.0,
      "beta": 1.0,
      "n": 0
    }
  },
  "THUNDERHEAD": {
    "RISK_ON": {
      "alpha": 77.46876794491838,
      "beta": 69.23269888035297,
      "n": 212
    },
    "NEUTRAL": {
      "alpha": 1.0,
      "beta": 1.0,
      "n": 0
    }
  },
  "ZENITH": {
    "RISK_ON": {
      "alpha": 190.9809244363447,
      "beta": 115.78898584474445,
      "n": 675
    },
    "NEUTRAL": {
      "alpha": 1.0,
      "beta": 1.0,
      "n": 0
    }
  },
  "HEX": {
    "RISK_ON": {
      "alpha": 92.04466687094234,
      "beta": 119.77199775411464,
      "n": 401
    },
    "NEUTRAL": {
      "alpha": 1.0,
      "beta": 1.0,
      "n": 0
    }
  },
  "SYNTH": {
    "RISK_ON": {
      "alpha": 132.30052506301277,
      "beta": 95.60608664068299,
      "n": 363
    },
    "NEUTRAL": {
      "alpha": 1.0,
      "beta": 1.0,
      "n": 0
    }
  },
  "KESTREL": {
    "RISK_ON": {
      "alpha": 16.104879744800584,
      "beta": 10.82156351528702,
      "n": 36
    },
    "NEUTRAL": {
      "alpha": 1.0,
      "beta": 1.0,
      "n": 0
    }
  },
  "STEADFAST": {
    "RISK_ON": {
      "alpha": 36.940325548220585,
      "beta": 23.324914336680774,
      "n": 95
    },
    "NEUTRAL": {
      "alpha": 1.0,
      "beta": 1.0,
      "n": 0
    }
  },
  "FORGE": {
    "RISK_ON": {
      "alpha": 47.39277972181203,
      "beta": 28.91718425765669,
      "n": 94
    },
    "NEUTRAL": {
      "alpha": 1.0,
      "beta": 1.0,
      "n": 0
    }
  },
  "ATLAS": {
    "RISK_ON": {
      "alpha": 15.640236206149297,
      "beta": 11.73276558706541,
      "n": 35
    },
    "NEUTRAL": {
      "alpha": 1.0,
      "beta": 1.0,
      "n": 0
    }
  },
  "TALON": {
    "RISK_ON": {
      "alpha": 7.884858644982451,
      "beta": 6.946346082287213,
      "n": 19
    },
    "NEUTRAL": {
      "alpha": 1.0,
      "beta": 1.0,
      "n": 0
    }
  },
  "BARON": {
    "RISK_ON": {
      "alpha": 4.487317263168652,
      "beta": 3.6583331810000006,
      "n": 6
    },
    "NEUTRAL": {
      "alpha": 1.0,
      "beta": 1.0,
      "n": 0
    }
  },
  "JADE": {
    "RISK_ON": {
      "alpha": 4.07414793221149,
      "beta": 9.511915572082186,
      "n": 10
    },
    "NEUTRAL": {
      "alpha": 1.0,
      "beta": 1.0,
      "n": 0
    }
  }
}