{
  "OBSIDIAN": {
    "RISK_ON": {
      "alpha": 13.185021177737456,
      "beta": 13.270871193678754,
      "n": 47
    }
  },
  "WEAVER": {
    "RISK_ON": {
      "alpha": 72.69297843243368,
      "beta": 41.37353448667613,
      "n": 251
    }
  },
  "THUNDERHEAD": {
    "RISK_ON": {
      "alpha": 57.5792297684617,
      "beta": 48.18252471265735,
      "n": 159
    }
  },
  "ZENITH": {
    "RISK_ON": {
      "alpha": 93.14416833716892,
      "beta": 84.11651939792915,
      "n": 408
    }
  },
  "HEX": {
    "RISK_ON": {
      "alpha": 75.06608166320613,
      "beta": 64.07699210541011,
      "n": 267
    }
  },
  "SYNTH": {
    "RISK_ON": {
      "alpha": 54.399223265046096,
      "beta": 57.46221799889884,
      "n": 219
    }
  },
  "KESTREL": {
    "RISK_ON": {
      "alpha": 6.430088530481737,
      "beta": 8.383602323897776,
      "n": 20
    }
  },
  "STEADFAST": {
    "RISK_ON": {
      "alpha": 19.606658404477706,
      "beta": 10.43185760770378,
      "n": 51
    }
  },
  "FORGE": {
    "RISK_ON": {
      "alpha": 25.52955246065142,
      "beta": 13.729966003516342,
      "n": 45
    }
  },
  "ATLAS": {
    "RISK_ON": {
      "alpha": 7.970551200275448,
      "beta": 7.875345065398493,
      "n": 20
    }
  },
  "TALON": {
    "RISK_ON": {
      "alpha": 5.534784032021825,
      "beta": 5.713096083165302,
      "n": 13
    }
  },
  "BARON": {
    "RISK_ON": {
      "alpha": 4.5188923795,
      "beta": 1.0,
      "n": 3
    }
  },
  "JADE": {
    "RISK_ON": {
      "alpha": 1.9985,
      "beta": 1.0,
      "n": 2
    }
  }
}