{
  "OBSIDIAN": {
    "RISK_ON": {
      "alpha": 28.7848795989199,
      "beta": 31.306180502918878,
      "n": 83
    },
    "NEUTRAL": {
      "alpha": 1.0,
      "beta": 1.0,
      "n": 0
    }
  },
  "WEAVER": {
    "RISK_ON": {
      "alpha": 153.88611332731296,
      "beta": 48.28297172186694,
      "n": 410
    },
    "NEUTRAL": {
      "alpha": 1.0,
      "beta": 1.0,
      "n": 0
    }
  },
  "THUNDERHEAD": {
    "RISK_ON": {
      "alpha": 77.46876794491838,
      "beta": 69.23269888035297,
      "n": 212
    },
    "NEUTRAL": {
      "alpha": 1.0,
      "beta": 1.0,
      "n": 0
    }
  },
  "ZENITH": {
    "RISK_ON": {
      "alpha": 195.6554411986437,
      "beta": 105.92233764101145,
      "n": 665
    },
    "NEUTRAL": {
      "alpha": 1.0,
      "beta": 1.0,
      "n": 0
    }
  },
  "HEX": {
    "RISK_ON": {
      "alpha": 92.59340294800383,
      "beta": 118.86842197013775,
      "n": 399
    },
    "NEUTRAL": {
      "alpha": 1.0,
      "beta": 1.0,
      "n": 0
    }
  },
  "SYNTH": {
    "RISK_ON": {
      "alpha": 133.8654484817184,
      "beta": 86.46536569408968,
      "n": 356
    },
    "NEUTRAL": {
      "alpha": 1.0,
      "beta": 1.0,
      "n": 0
    }
  },
  "KESTREL": {
    "RISK_ON": {
      "alpha": 16.104879744800584,
      "beta": 10.82156351528702,
      "n": 36
    },
    "NEUTRAL": {
      "alpha": 1.0,
      "beta": 1.0,
      "n": 0
    }
  },
  "STEADFAST": {
    "RISK_ON": {
      "alpha": 36.42409784174582,
      "beta": 23.392090608506294,
      "n": 94
    },
    "NEUTRAL": {
      "alpha": 1.0,
      "beta": 1.0,
      "n": 0
    }
  },
  "FORGE": {
    "RISK_ON": {
      "alpha": 47.67239403447256,
      "beta": 27.691388868367078,
      "n": 92
    },
    "NEUTRAL": {
      "alpha": 1.0,
      "beta": 1.0,
      "n": 0
    }
  },
  "ATLAS": {
    "RISK_ON": {
      "alpha": 15.640236206149297,
      "beta": 11.73276558706541,
      "n": 35
    },
    "NEUTRAL": {
      "alpha": 1.0,
      "beta": 1.0,
      "n": 0
    }
  },
  "TALON": {
    "RISK_ON": {
      "alpha": 7.884858644982451,
      "beta": 6.946346082287213,
      "n": 19
    },
    "NEUTRAL": {
      "alpha": 1.0,
      "beta": 1.0,
      "n": 0
    }
  },
  "BARON": {
    "RISK_ON": {
      "alpha": 4.487317263168652,
      "beta": 3.6583331810000006,
      "n": 6
    },
    "NEUTRAL": {
      "alpha": 1.0,
      "beta": 1.0,
      "n": 0
    }
  },
  "JADE": {
    "RISK_ON": {
      "alpha": 4.07414793221149,
      "beta": 9.511915572082186,
      "n": 10
    },
    "NEUTRAL": {
      "alpha": 1.0,
      "beta": 1.0,
      "n": 0
    }
  }
}