{
  "OBSIDIAN": {
    "RISK_ON": {
      "alpha": 13.075684653714045,
      "beta": 16.925135042144355,
      "n": 50
    }
  },
  "WEAVER": {
    "RISK_ON": {
      "alpha": 81.46506923887658,
      "beta": 41.02493430610479,
      "n": 266
    }
  },
  "THUNDERHEAD": {
    "RISK_ON": {
      "alpha": 60.09255205167376,
      "beta": 48.15849136734756,
      "n": 163
    }
  },
  "ZENITH": {
    "RISK_ON": {
      "alpha": 103.3252158830894,
      "beta": 85.65156885234458,
      "n": 429
    }
  },
  "HEX": {
    "RISK_ON": {
      "alpha": 79.49035500842264,
      "beta": 64.16135084122367,
      "n": 277
    }
  },
  "SYNTH": {
    "RISK_ON": {
      "alpha": 53.76131038113108,
      "beta": 60.25671359075939,
      "n": 223
    }
  },
  "KESTREL": {
    "RISK_ON": {
      "alpha": 7.937686870095622,
      "beta": 8.339367162375304,
      "n": 22
    }
  },
  "STEADFAST": {
    "RISK_ON": {
      "alpha": 22.621618719459672,
      "beta": 12.667032293858918,
      "n": 57
    }
  },
  "FORGE": {
    "RISK_ON": {
      "alpha": 26.191948124124078,
      "beta": 14.667558224357707,
      "n": 48
    }
  },
  "ATLAS": {
    "RISK_ON": {
      "alpha": 9.219547628034597,
      "beta": 7.834154873111691,
      "n": 22
    }
  },
  "TALON": {
    "RISK_ON": {
      "alpha": 6.10217967992576,
      "beta": 5.698956794915807,
      "n": 14
    }
  },
  "BARON": {
    "RISK_ON": {
      "alpha": 4.5188923795,
      "beta": 1.0,
      "n": 3
    }
  },
  "JADE": {
    "RISK_ON": {
      "alpha": 1.9985,
      "beta": 1.0,
      "n": 2
    }
  }
}