{
  "OBSIDIAN": {
    "RISK_ON": {
      "alpha": 43.27637099706256,
      "beta": 38.43750063363508,
      "n": 118
    },
    "NEUTRAL": {
      "alpha": 5.9679841425016456,
      "beta": 3.9435630510140856,
      "n": 15
    }
  },
  "WEAVER": {
    "RISK_ON": {
      "alpha": 147.8683346847468,
      "beta": 77.50910293745808,
      "n": 516
    },
    "NEUTRAL": {
      "alpha": 13.875335760191382,
      "beta": 10.806100050872521,
      "n": 40
    }
  },
  "THUNDERHEAD": {
    "RISK_ON": {
      "alpha": 82.66746687396751,
      "beta": 75.93909494846211,
      "n": 235
    },
    "NEUTRAL": {
      "alpha": 20.085956427311046,
      "beta": 31.69183389805097,
      "n": 94
    }
  },
  "ZENITH": {
    "RISK_ON": {
      "alpha": 150.3760660776237,
      "beta": 161.74825640278564,
      "n": 949
    },
    "NEUTRAL": {
      "alpha": 27.990117004118375,
      "beta": 36.825977042801114,
      "n": 124
    }
  },
  "HEX": {
    "RISK_ON": {
      "alpha": 130.09829167847587,
      "beta": 118.58850063018505,
      "n": 589
    },
    "NEUTRAL": {
      "alpha": 30.819811697391557,
      "beta": 23.85783174828295,
      "n": 108
    }
  },
  "SYNTH": {
    "RISK_ON": {
      "alpha": 124.64817783440121,
      "beta": 136.58927875744078,
      "n": 476
    },
    "NEUTRAL": {
      "alpha": 1.0,
      "beta": 1.0,
      "n": 0
    }
  },
  "KESTREL": {
    "RISK_ON": {
      "alpha": 19.128956134178583,
      "beta": 19.057012216965706,
      "n": 52
    },
    "NEUTRAL": {
      "alpha": 2.0835791390000002,
      "beta": 3.112687797742879,
      "n": 6
    }
  },
  "STEADFAST": {
    "RISK_ON": {
      "alpha": 47.650940912486824,
      "beta": 29.29651073177727,
      "n": 122
    },
    "NEUTRAL": {
      "alpha": 9.164572617603088,
      "beta": 1.97479491738941,
      "n": 13
    }
  },
  "FORGE": {
    "RISK_ON": {
      "alpha": 53.12688146968611,
      "beta": 50.73593660806699,
      "n": 126
    },
    "NEUTRAL": {
      "alpha": 1.0,
      "beta": 19.68781255277877,
      "n": 14
    }
  },
  "ATLAS": {
    "RISK_ON": {
      "alpha": 16.93965545388962,
      "beta": 15.317076422017623,
      "n": 44
    },
    "NEUTRAL": {
      "alpha": 3.8366213919125003,
      "beta": 1.8845,
      "n": 4
    }
  },
  "TALON": {
    "RISK_ON": {
      "alpha": 7.80261138060243,
      "beta": 9.260796180900487,
      "n": 23
    },
    "NEUTRAL": {
      "alpha": 1.7602125,
      "beta": 1.8845,
      "n": 2
    }
  },
  "BARON": {
    "RISK_ON": {
      "alpha": 5.965154461208674,
      "beta": 4.321479885591892,
      "n": 9
    },
    "NEUTRAL": {
      "alpha": 1.0,
      "beta": 1.0,
      "n": 0
    }
  },
  "JADE": {
    "RISK_ON": {
      "alpha": 6.156886092685477,
      "beta": 12.034626534336743,
      "n": 17
    },
    "NEUTRAL": {
      "alpha": 1.5,
      "beta": 1.4985,
      "n": 2
    }
  },
  "MAGUS": {
    "NEUTRAL": {
      "alpha": 4.832611527736763,
      "beta": 1.8818465,
      "n": 5
    },
    "RISK_ON": {
      "alpha": 2.689995243860391,
      "beta": 4.870642322454476,
      "n": 9
    }
  }
}