{
  "OBSIDIAN": {
    "RISK_ON": {
      "alpha": 27.15291571698033,
      "beta": 31.48883913819581,
      "n": 81
    },
    "NEUTRAL": {
      "alpha": 1.0,
      "beta": 1.0,
      "n": 0
    }
  },
  "WEAVER": {
    "RISK_ON": {
      "alpha": 152.52905672956456,
      "beta": 42.55306934437616,
      "n": 398
    },
    "NEUTRAL": {
      "alpha": 1.0,
      "beta": 1.0,
      "n": 0
    }
  },
  "THUNDERHEAD": {
    "RISK_ON": {
      "alpha": 77.42093524845653,
      "beta": 59.25890253386858,
      "n": 202
    },
    "NEUTRAL": {
      "alpha": 1.0,
      "beta": 1.0,
      "n": 0
    }
  },
  "ZENITH": {
    "RISK_ON": {
      "alpha": 209.29716911657684,
      "beta": 75.13047992565154,
      "n": 636
    },
    "NEUTRAL": {
      "alpha": 1.0,
      "beta": 1.0,
      "n": 0
    }
  },
  "HEX": {
    "RISK_ON": {
      "alpha": 85.92259671700477,
      "beta": 120.73471969294577,
      "n": 389
    },
    "NEUTRAL": {
      "alpha": 1.0,
      "beta": 1.0,
      "n": 0
    }
  },
  "SYNTH": {
    "RISK_ON": {
      "alpha": 139.13892619691745,
      "beta": 65.1004906554442,
      "n": 338
    },
    "NEUTRAL": {
      "alpha": 1.0,
      "beta": 1.0,
      "n": 0
    }
  },
  "KESTREL": {
    "RISK_ON": {
      "alpha": 16.195918492489085,
      "beta": 9.813915684150768,
      "n": 34
    },
    "NEUTRAL": {
      "alpha": 1.0,
      "beta": 1.0,
      "n": 0
    }
  },
  "STEADFAST": {
    "RISK_ON": {
      "alpha": 32.065249589803294,
      "beta": 21.175097731304167,
      "n": 83
    },
    "NEUTRAL": {
      "alpha": 1.0,
      "beta": 1.0,
      "n": 0
    }
  },
  "FORGE": {
    "RISK_ON": {
      "alpha": 43.663258539514516,
      "beta": 21.670639639581065,
      "n": 80
    },
    "NEUTRAL": {
      "alpha": 1.0,
      "beta": 1.0,
      "n": 0
    }
  },
  "ATLAS": {
    "RISK_ON": {
      "alpha": 15.861830099613226,
      "beta": 7.671847068599663,
      "n": 30
    },
    "NEUTRAL": {
      "alpha": 1.0,
      "beta": 1.0,
      "n": 0
    }
  },
  "TALON": {
    "RISK_ON": {
      "alpha": 7.9263544343989345,
      "beta": 5.656792928723194,
      "n": 17
    },
    "NEUTRAL": {
      "alpha": 1.0,
      "beta": 1.0,
      "n": 0
    }
  },
  "BARON": {
    "RISK_ON": {
      "alpha": 4.487317263168652,
      "beta": 3.6583331810000006,
      "n": 6
    },
    "NEUTRAL": {
      "alpha": 1.0,
      "beta": 1.0,
      "n": 0
    }
  },
  "JADE": {
    "RISK_ON": {
      "alpha": 4.07414793221149,
      "beta": 9.511915572082186,
      "n": 10
    },
    "NEUTRAL": {
      "alpha": 1.0,
      "beta": 1.0,
      "n": 0
    }
  }
}