{
  "OBSIDIAN": {
    "RISK_ON": {
      "alpha": 32.23418945147312,
      "beta": 36.70440154813438,
      "n": 96
    },
    "NEUTRAL": {
      "alpha": 5.41996414771058,
      "beta": 2.9643132517050508,
      "n": 13
    }
  },
  "WEAVER": {
    "RISK_ON": {
      "alpha": 160.0373826364396,
      "beta": 58.216771970359694,
      "n": 448
    },
    "NEUTRAL": {
      "alpha": 9.600362103686702,
      "beta": 8.228659911700577,
      "n": 31
    }
  },
  "THUNDERHEAD": {
    "RISK_ON": {
      "alpha": 80.694447410102,
      "beta": 70.60338596300319,
      "n": 222
    },
    "NEUTRAL": {
      "alpha": 17.688364559304738,
      "beta": 23.32572635930048,
      "n": 77
    }
  },
  "ZENITH": {
    "RISK_ON": {
      "alpha": 183.57516214851043,
      "beta": 135.56826021138332,
      "n": 771
    },
    "NEUTRAL": {
      "alpha": 27.40217631646208,
      "beta": 23.025643363314135,
      "n": 100
    }
  },
  "HEX": {
    "RISK_ON": {
      "alpha": 106.34383282728895,
      "beta": 131.92278370102557,
      "n": 500
    },
    "NEUTRAL": {
      "alpha": 21.407466390537177,
      "beta": 21.23669273677515,
      "n": 89
    }
  },
  "SYNTH": {
    "RISK_ON": {
      "alpha": 136.8741186119576,
      "beta": 106.62762145259863,
      "n": 407
    },
    "NEUTRAL": {
      "alpha": 1.0,
      "beta": 1.0,
      "n": 0
    }
  },
  "KESTREL": {
    "RISK_ON": {
      "alpha": 19.1064306066476,
      "beta": 12.366495766735758,
      "n": 42
    },
    "NEUTRAL": {
      "alpha": 1.0,
      "beta": 2.4955045,
      "n": 3
    }
  },
  "STEADFAST": {
    "RISK_ON": {
      "alpha": 41.019366126047046,
      "beta": 23.058218500732355,
      "n": 99
    },
    "NEUTRAL": {
      "alpha": 4.36613008230915,
      "beta": 1.9925269460405002,
      "n": 7
    }
  },
  "FORGE": {
    "RISK_ON": {
      "alpha": 46.838566568592874,
      "beta": 36.88637638204561,
      "n": 98
    },
    "NEUTRAL": {
      "alpha": 1.0,
      "beta": 15.744831215935275,
      "n": 10
    }
  },
  "ATLAS": {
    "RISK_ON": {
      "alpha": 15.640236206149297,
      "beta": 11.73276558706541,
      "n": 35
    },
    "NEUTRAL": {
      "alpha": 3.8451568625,
      "beta": 1.0,
      "n": 3
    }
  },
  "TALON": {
    "RISK_ON": {
      "alpha": 7.884858644982451,
      "beta": 6.946346082287213,
      "n": 19
    },
    "NEUTRAL": {
      "alpha": 1.7625,
      "beta": 1.0,
      "n": 1
    }
  },
  "BARON": {
    "RISK_ON": {
      "alpha": 4.487317263168652,
      "beta": 3.6583331810000006,
      "n": 6
    },
    "NEUTRAL": {
      "alpha": 1.0,
      "beta": 1.0,
      "n": 0
    }
  },
  "JADE": {
    "RISK_ON": {
      "alpha": 4.055730711949611,
      "beta": 11.002743185889841,
      "n": 12
    },
    "NEUTRAL": {
      "alpha": 1.5,
      "beta": 1.4985,
      "n": 2
    }
  },
  "MAGUS": {
    "NEUTRAL": {
      "alpha": 3.8451568625,
      "beta": 1.0,
      "n": 3
    }
  }
}