{
  "OBSIDIAN": {
    "RISK_ON": {
      "alpha": 27.15291571698033,
      "beta": 31.48883913819581,
      "n": 81
    },
    "NEUTRAL": {
      "alpha": 1.0,
      "beta": 1.0,
      "n": 0
    }
  },
  "WEAVER": {
    "RISK_ON": {
      "alpha": 153.0499949296667,
      "beta": 48.71108457193015,
      "n": 407
    },
    "NEUTRAL": {
      "alpha": 1.0,
      "beta": 1.0,
      "n": 0
    }
  },
  "THUNDERHEAD": {
    "RISK_ON": {
      "alpha": 78.28470813310688,
      "beta": 62.337204140441806,
      "n": 205
    },
    "NEUTRAL": {
      "alpha": 1.0,
      "beta": 1.0,
      "n": 0
    }
  },
  "ZENITH": {
    "RISK_ON": {
      "alpha": 205.30322303027023,
      "beta": 86.00328105643594,
      "n": 646
    },
    "NEUTRAL": {
      "alpha": 1.0,
      "beta": 1.0,
      "n": 0
    }
  },
  "HEX": {
    "RISK_ON": {
      "alpha": 89.30826377575296,
      "beta": 119.66033682030354,
      "n": 392
    },
    "NEUTRAL": {
      "alpha": 1.0,
      "beta": 1.0,
      "n": 0
    }
  },
  "SYNTH": {
    "RISK_ON": {
      "alpha": 137.07923756572401,
      "beta": 70.37208624368479,
      "n": 343
    },
    "NEUTRAL": {
      "alpha": 1.0,
      "beta": 1.0,
      "n": 0
    }
  },
  "KESTREL": {
    "RISK_ON": {
      "alpha": 16.104879744800584,
      "beta": 10.82156351528702,
      "n": 36
    },
    "NEUTRAL": {
      "alpha": 1.0,
      "beta": 1.0,
      "n": 0
    }
  },
  "STEADFAST": {
    "RISK_ON": {
      "alpha": 32.72455384103388,
      "beta": 21.114572438110255,
      "n": 84
    },
    "NEUTRAL": {
      "alpha": 1.0,
      "beta": 1.0,
      "n": 0
    }
  },
  "FORGE": {
    "RISK_ON": {
      "alpha": 46.704971140378795,
      "beta": 22.80610594006425,
      "n": 85
    },
    "NEUTRAL": {
      "alpha": 1.0,
      "beta": 1.0,
      "n": 0
    }
  },
  "ATLAS": {
    "RISK_ON": {
      "alpha": 15.728474496859985,
      "beta": 10.07051604871325,
      "n": 33
    },
    "NEUTRAL": {
      "alpha": 1.0,
      "beta": 1.0,
      "n": 0
    }
  },
  "TALON": {
    "RISK_ON": {
      "alpha": 7.905575371095738,
      "beta": 6.158822549937024,
      "n": 18
    },
    "NEUTRAL": {
      "alpha": 1.0,
      "beta": 1.0,
      "n": 0
    }
  },
  "BARON": {
    "RISK_ON": {
      "alpha": 4.487317263168652,
      "beta": 3.6583331810000006,
      "n": 6
    },
    "NEUTRAL": {
      "alpha": 1.0,
      "beta": 1.0,
      "n": 0
    }
  },
  "JADE": {
    "RISK_ON": {
      "alpha": 4.07414793221149,
      "beta": 9.511915572082186,
      "n": 10
    },
    "NEUTRAL": {
      "alpha": 1.0,
      "beta": 1.0,
      "n": 0
    }
  }
}