{
  "OBSIDIAN": {
    "RISK_ON": {
      "alpha": 18.676494361503604,
      "beta": 27.709729958348415,
      "n": 67
    }
  },
  "WEAVER": {
    "RISK_ON": {
      "alpha": 117.51988720844591,
      "beta": 44.656916558299805,
      "n": 342
    }
  },
  "THUNDERHEAD": {
    "RISK_ON": {
      "alpha": 64.90407611229799,
      "beta": 54.92183308609814,
      "n": 183
    }
  },
  "ZENITH": {
    "RISK_ON": {
      "alpha": 160.96421242389783,
      "beta": 86.24184299057147,
      "n": 555
    }
  },
  "HEX": {
    "RISK_ON": {
      "alpha": 86.4949117934652,
      "beta": 77.8256589949985,
      "n": 322
    }
  },
  "SYNTH": {
    "RISK_ON": {
      "alpha": 116.99398640745629,
      "beta": 60.775801041899314,
      "n": 298
    }
  },
  "KESTREL": {
    "RISK_ON": {
      "alpha": 12.946394119720676,
      "beta": 9.920480709394552,
      "n": 30
    }
  },
  "STEADFAST": {
    "RISK_ON": {
      "alpha": 29.38722951190817,
      "beta": 20.56800042862378,
      "n": 78
    }
  },
  "FORGE": {
    "RISK_ON": {
      "alpha": 39.4537745872082,
      "beta": 21.920558893852824,
      "n": 76
    }
  },
  "ATLAS": {
    "RISK_ON": {
      "alpha": 15.861830099613226,
      "beta": 7.671847068599663,
      "n": 30
    }
  },
  "TALON": {
    "RISK_ON": {
      "alpha": 7.9263544343989345,
      "beta": 5.656792928723194,
      "n": 17
    }
  },
  "BARON": {
    "RISK_ON": {
      "alpha": 4.508335702361499,
      "beta": 1.909,
      "n": 4
    }
  },
  "JADE": {
    "RISK_ON": {
      "alpha": 2.5490718112428783,
      "beta": 5.590810354817499,
      "n": 6
    }
  }
}