{
  "OBSIDIAN": {
    "RISK_ON": {
      "alpha": 13.185021177737456,
      "beta": 13.270871193678754,
      "n": 47
    }
  },
  "WEAVER": {
    "RISK_ON": {
      "alpha": 70.85347835592133,
      "beta": 38.06392986444058,
      "n": 245
    }
  },
  "THUNDERHEAD": {
    "RISK_ON": {
      "alpha": 55.183411597828965,
      "beta": 47.77003820286453,
      "n": 155
    }
  },
  "ZENITH": {
    "RISK_ON": {
      "alpha": 95.01174058244003,
      "beta": 62.479354667704214,
      "n": 396
    }
  },
  "HEX": {
    "RISK_ON": {
      "alpha": 62.07545380182616,
      "beta": 65.2243955348752,
      "n": 261
    }
  },
  "SYNTH": {
    "RISK_ON": {
      "alpha": 54.81827414240496,
      "beta": 50.23394234179559,
      "n": 213
    }
  },
  "KESTREL": {
    "RISK_ON": {
      "alpha": 6.446427813923508,
      "beta": 7.045739542525353,
      "n": 19
    }
  },
  "STEADFAST": {
    "RISK_ON": {
      "alpha": 18.232635624504113,
      "beta": 10.488704435979734,
      "n": 49
    }
  },
  "FORGE": {
    "RISK_ON": {
      "alpha": 18.176384239711584,
      "beta": 9.57832154528143,
      "n": 35
    }
  },
  "ATLAS": {
    "RISK_ON": {
      "alpha": 8.054828948241223,
      "beta": 2.6295300176698264,
      "n": 16
    }
  },
  "TALON": {
    "RISK_ON": {
      "alpha": 5.562115666982718,
      "beta": 2.641360976777173,
      "n": 11
    }
  },
  "BARON": {
    "RISK_ON": {
      "alpha": 4.5188923795,
      "beta": 1.0,
      "n": 3
    }
  },
  "JADE": {
    "RISK_ON": {
      "alpha": 1.9985,
      "beta": 1.0,
      "n": 2
    }
  }
}