{
  "OBSIDIAN": {
    "RISK_ON": {
      "alpha": 17.33393596898485,
      "beta": 26.209467965879316,
      "n": 62
    }
  },
  "WEAVER": {
    "RISK_ON": {
      "alpha": 103.8916961683254,
      "beta": 45.20191504527277,
      "n": 328
    }
  },
  "THUNDERHEAD": {
    "RISK_ON": {
      "alpha": 63.805756172585895,
      "beta": 50.37146194066121,
      "n": 171
    }
  },
  "ZENITH": {
    "RISK_ON": {
      "alpha": 130.35300688988042,
      "beta": 86.00052330666115,
      "n": 517
    }
  },
  "HEX": {
    "RISK_ON": {
      "alpha": 81.49957282736233,
      "beta": 77.29128393156492,
      "n": 306
    }
  },
  "SYNTH": {
    "RISK_ON": {
      "alpha": 87.70064708730942,
      "beta": 60.06906841835697,
      "n": 272
    }
  },
  "KESTREL": {
    "RISK_ON": {
      "alpha": 11.915723703234336,
      "beta": 8.229935219325814,
      "n": 27
    }
  },
  "STEADFAST": {
    "RISK_ON": {
      "alpha": 27.098952896996007,
      "beta": 16.686800932546188,
      "n": 70
    }
  },
  "FORGE": {
    "RISK_ON": {
      "alpha": 33.06238053143415,
      "beta": 18.853982468202435,
      "n": 64
    }
  },
  "ATLAS": {
    "RISK_ON": {
      "alpha": 11.320575155740457,
      "beta": 7.772831816913078,
      "n": 25
    }
  },
  "TALON": {
    "RISK_ON": {
      "alpha": 6.781373140885982,
      "beta": 5.684859924531059,
      "n": 15
    }
  },
  "BARON": {
    "RISK_ON": {
      "alpha": 4.5188923795,
      "beta": 1.0,
      "n": 3
    }
  },
  "JADE": {
    "RISK_ON": {
      "alpha": 1.9895404325405,
      "beta": 5.6046242274999996,
      "n": 5
    }
  }
}