{
  "OBSIDIAN": {
    "RISK_ON": {
      "alpha": 17.33393596898485,
      "beta": 26.209467965879316,
      "n": 62
    }
  },
  "WEAVER": {
    "RISK_ON": {
      "alpha": 107.81799425294935,
      "beta": 45.718970020479894,
      "n": 334
    }
  },
  "THUNDERHEAD": {
    "RISK_ON": {
      "alpha": 64.29336743069388,
      "beta": 51.694450479638185,
      "n": 174
    }
  },
  "ZENITH": {
    "RISK_ON": {
      "alpha": 131.58237602870358,
      "beta": 86.91234862894919,
      "n": 527
    }
  },
  "HEX": {
    "RISK_ON": {
      "alpha": 84.43143510167398,
      "beta": 77.66649625391396,
      "n": 312
    }
  },
  "SYNTH": {
    "RISK_ON": {
      "alpha": 93.47523094813488,
      "beta": 59.18833268349941,
      "n": 277
    }
  },
  "KESTREL": {
    "RISK_ON": {
      "alpha": 11.882976532124633,
      "beta": 9.974245413667836,
      "n": 28
    }
  },
  "STEADFAST": {
    "RISK_ON": {
      "alpha": 27.098952896996007,
      "beta": 16.686800932546188,
      "n": 70
    }
  },
  "FORGE": {
    "RISK_ON": {
      "alpha": 33.06238053143415,
      "beta": 18.853982468202435,
      "n": 64
    }
  },
  "ATLAS": {
    "RISK_ON": {
      "alpha": 11.320575155740457,
      "beta": 7.772831816913078,
      "n": 25
    }
  },
  "TALON": {
    "RISK_ON": {
      "alpha": 6.781373140885982,
      "beta": 5.684859924531059,
      "n": 15
    }
  },
  "BARON": {
    "RISK_ON": {
      "alpha": 4.5188923795,
      "beta": 1.0,
      "n": 3
    }
  },
  "JADE": {
    "RISK_ON": {
      "alpha": 1.9895404325405,
      "beta": 5.6046242274999996,
      "n": 5
    }
  }
}