{
  "OBSIDIAN": {
    "RISK_ON": {
      "alpha": 32.23418945147312,
      "beta": 36.70440154813438,
      "n": 96
    },
    "NEUTRAL": {
      "alpha": 5.41996414771058,
      "beta": 2.9643132517050508,
      "n": 13
    }
  },
  "WEAVER": {
    "RISK_ON": {
      "alpha": 160.0373826364396,
      "beta": 58.216771970359694,
      "n": 448
    },
    "NEUTRAL": {
      "alpha": 7.634899285304965,
      "beta": 8.272227828621851,
      "n": 29
    }
  },
  "THUNDERHEAD": {
    "RISK_ON": {
      "alpha": 80.694447410102,
      "beta": 70.60338596300319,
      "n": 222
    },
    "NEUTRAL": {
      "alpha": 15.243836046785296,
      "beta": 21.302788882574973,
      "n": 72
    }
  },
  "ZENITH": {
    "RISK_ON": {
      "alpha": 183.57516214851043,
      "beta": 135.56826021138332,
      "n": 771
    },
    "NEUTRAL": {
      "alpha": 22.55651919390461,
      "beta": 21.29109641408487,
      "n": 91
    }
  },
  "HEX": {
    "RISK_ON": {
      "alpha": 106.34383282728895,
      "beta": 131.92278370102557,
      "n": 500
    },
    "NEUTRAL": {
      "alpha": 20.642216529798905,
      "beta": 19.308500721074875,
      "n": 86
    }
  },
  "SYNTH": {
    "RISK_ON": {
      "alpha": 136.8741186119576,
      "beta": 106.62762145259863,
      "n": 407
    },
    "NEUTRAL": {
      "alpha": 1.0,
      "beta": 1.0,
      "n": 0
    }
  },
  "KESTREL": {
    "RISK_ON": {
      "alpha": 19.1064306066476,
      "beta": 12.366495766735758,
      "n": 42
    },
    "NEUTRAL": {
      "alpha": 1.0,
      "beta": 2.4955045,
      "n": 3
    }
  },
  "STEADFAST": {
    "RISK_ON": {
      "alpha": 41.019366126047046,
      "beta": 23.058218500732355,
      "n": 99
    },
    "NEUTRAL": {
      "alpha": 2.9820763112428788,
      "beta": 1.9955134865000002,
      "n": 6
    }
  },
  "FORGE": {
    "RISK_ON": {
      "alpha": 46.838566568592874,
      "beta": 36.88637638204561,
      "n": 98
    },
    "NEUTRAL": {
      "alpha": 1.0,
      "beta": 1.0,
      "n": 0
    }
  },
  "ATLAS": {
    "RISK_ON": {
      "alpha": 15.640236206149297,
      "beta": 11.73276558706541,
      "n": 35
    },
    "NEUTRAL": {
      "alpha": 1.0,
      "beta": 1.0,
      "n": 0
    }
  },
  "TALON": {
    "RISK_ON": {
      "alpha": 7.884858644982451,
      "beta": 6.946346082287213,
      "n": 19
    },
    "NEUTRAL": {
      "alpha": 1.0,
      "beta": 1.0,
      "n": 0
    }
  },
  "BARON": {
    "RISK_ON": {
      "alpha": 4.487317263168652,
      "beta": 3.6583331810000006,
      "n": 6
    },
    "NEUTRAL": {
      "alpha": 1.0,
      "beta": 1.0,
      "n": 0
    }
  },
  "JADE": {
    "RISK_ON": {
      "alpha": 4.055730711949611,
      "beta": 11.002743185889841,
      "n": 12
    },
    "NEUTRAL": {
      "alpha": 1.5,
      "beta": 1.4985,
      "n": 2
    }
  }
}