{
  "OBSIDIAN": {
    "RISK_ON": {
      "alpha": 32.23418945147312,
      "beta": 36.70440154813438,
      "n": 96
    },
    "NEUTRAL": {
      "alpha": 5.9679841425016456,
      "beta": 3.9435630510140856,
      "n": 15
    }
  },
  "WEAVER": {
    "RISK_ON": {
      "alpha": 160.0373826364396,
      "beta": 58.216771970359694,
      "n": 448
    },
    "NEUTRAL": {
      "alpha": 13.952936804587665,
      "beta": 9.063298270812961,
      "n": 38
    }
  },
  "THUNDERHEAD": {
    "RISK_ON": {
      "alpha": 80.694447410102,
      "beta": 70.60338596300319,
      "n": 222
    },
    "NEUTRAL": {
      "alpha": 18.921932726274157,
      "beta": 31.87681690814768,
      "n": 92
    }
  },
  "ZENITH": {
    "RISK_ON": {
      "alpha": 183.57516214851043,
      "beta": 135.56826021138332,
      "n": 771
    },
    "NEUTRAL": {
      "alpha": 27.69028198610425,
      "beta": 34.81440686997836,
      "n": 119
    }
  },
  "HEX": {
    "RISK_ON": {
      "alpha": 106.34383282728895,
      "beta": 131.92278370102557,
      "n": 500
    },
    "NEUTRAL": {
      "alpha": 30.39816472320331,
      "beta": 22.77139272503227,
      "n": 105
    }
  },
  "SYNTH": {
    "RISK_ON": {
      "alpha": 136.8741186119576,
      "beta": 106.62762145259863,
      "n": 407
    },
    "NEUTRAL": {
      "alpha": 1.0,
      "beta": 1.0,
      "n": 0
    }
  },
  "KESTREL": {
    "RISK_ON": {
      "alpha": 19.1064306066476,
      "beta": 12.366495766735758,
      "n": 42
    },
    "NEUTRAL": {
      "alpha": 2.0835791390000002,
      "beta": 3.112687797742879,
      "n": 6
    }
  },
  "STEADFAST": {
    "RISK_ON": {
      "alpha": 41.019366126047046,
      "beta": 23.058218500732355,
      "n": 99
    },
    "NEUTRAL": {
      "alpha": 9.164572617603088,
      "beta": 1.97479491738941,
      "n": 13
    }
  },
  "FORGE": {
    "RISK_ON": {
      "alpha": 46.838566568592874,
      "beta": 36.88637638204561,
      "n": 98
    },
    "NEUTRAL": {
      "alpha": 1.0,
      "beta": 19.68781255277877,
      "n": 14
    }
  },
  "ATLAS": {
    "RISK_ON": {
      "alpha": 15.640236206149297,
      "beta": 11.73276558706541,
      "n": 35
    },
    "NEUTRAL": {
      "alpha": 3.8366213919125003,
      "beta": 1.8845,
      "n": 4
    }
  },
  "TALON": {
    "RISK_ON": {
      "alpha": 7.884858644982451,
      "beta": 6.946346082287213,
      "n": 19
    },
    "NEUTRAL": {
      "alpha": 1.7602125,
      "beta": 1.8845,
      "n": 2
    }
  },
  "BARON": {
    "RISK_ON": {
      "alpha": 4.487317263168652,
      "beta": 3.6583331810000006,
      "n": 6
    },
    "NEUTRAL": {
      "alpha": 1.0,
      "beta": 1.0,
      "n": 0
    }
  },
  "JADE": {
    "RISK_ON": {
      "alpha": 4.055730711949611,
      "beta": 11.002743185889841,
      "n": 12
    },
    "NEUTRAL": {
      "alpha": 1.5,
      "beta": 1.4985,
      "n": 2
    }
  },
  "MAGUS": {
    "NEUTRAL": {
      "alpha": 4.832611527736763,
      "beta": 1.8818465,
      "n": 5
    },
    "RISK_ON": {
      "alpha": 1.0,
      "beta": 1.0,
      "n": 0
    }
  }
}