{
  "OBSIDIAN": {
    "RISK_ON": {
      "alpha": 32.85358044002332,
      "beta": 37.27637291405705,
      "n": 100
    },
    "NEUTRAL": {
      "alpha": 5.9679841425016456,
      "beta": 3.9435630510140856,
      "n": 15
    }
  },
  "WEAVER": {
    "RISK_ON": {
      "alpha": 159.16313318110718,
      "beta": 58.18419044795447,
      "n": 457
    },
    "NEUTRAL": {
      "alpha": 13.875335760191382,
      "beta": 10.806100050872521,
      "n": 40
    }
  },
  "THUNDERHEAD": {
    "RISK_ON": {
      "alpha": 81.43148198174107,
      "beta": 70.64481893146575,
      "n": 225
    },
    "NEUTRAL": {
      "alpha": 20.085956427311046,
      "beta": 31.69183389805097,
      "n": 94
    }
  },
  "ZENITH": {
    "RISK_ON": {
      "alpha": 174.06739634726156,
      "beta": 132.99619263478928,
      "n": 814
    },
    "NEUTRAL": {
      "alpha": 27.990117004118375,
      "beta": 36.825977042801114,
      "n": 124
    }
  },
  "HEX": {
    "RISK_ON": {
      "alpha": 108.8861827578189,
      "beta": 128.456210052512,
      "n": 517
    },
    "NEUTRAL": {
      "alpha": 30.819811697391557,
      "beta": 23.85783174828295,
      "n": 108
    }
  },
  "SYNTH": {
    "RISK_ON": {
      "alpha": 134.94069583334607,
      "beta": 109.67435001174633,
      "n": 419
    },
    "NEUTRAL": {
      "alpha": 1.0,
      "beta": 1.0,
      "n": 0
    }
  },
  "KESTREL": {
    "RISK_ON": {
      "alpha": 18.94396111594052,
      "beta": 15.410154501325454,
      "n": 45
    },
    "NEUTRAL": {
      "alpha": 2.0835791390000002,
      "beta": 3.112687797742879,
      "n": 6
    }
  },
  "STEADFAST": {
    "RISK_ON": {
      "alpha": 41.26910178577514,
      "beta": 24.05413501055338,
      "n": 102
    },
    "NEUTRAL": {
      "alpha": 9.164572617603088,
      "beta": 1.97479491738941,
      "n": 13
    }
  },
  "FORGE": {
    "RISK_ON": {
      "alpha": 48.52305452264431,
      "beta": 40.60479749272561,
      "n": 109
    },
    "NEUTRAL": {
      "alpha": 1.0,
      "beta": 19.68781255277877,
      "n": 14
    }
  },
  "ATLAS": {
    "RISK_ON": {
      "alpha": 17.132374541147904,
      "beta": 12.648963508295717,
      "n": 40
    },
    "NEUTRAL": {
      "alpha": 3.8366213919125003,
      "beta": 1.8845,
      "n": 4
    }
  },
  "TALON": {
    "RISK_ON": {
      "alpha": 7.843611456840361,
      "beta": 7.99012552290823,
      "n": 21
    },
    "NEUTRAL": {
      "alpha": 1.7602125,
      "beta": 1.8845,
      "n": 2
    }
  },
  "BARON": {
    "RISK_ON": {
      "alpha": 4.487317263168652,
      "beta": 3.6583331810000006,
      "n": 6
    },
    "NEUTRAL": {
      "alpha": 1.0,
      "beta": 1.0,
      "n": 0
    }
  },
  "JADE": {
    "RISK_ON": {
      "alpha": 4.046563519813763,
      "beta": 11.472734956332172,
      "n": 13
    },
    "NEUTRAL": {
      "alpha": 1.5,
      "beta": 1.4985,
      "n": 2
    }
  },
  "MAGUS": {
    "NEUTRAL": {
      "alpha": 4.832611527736763,
      "beta": 1.8818465,
      "n": 5
    },
    "RISK_ON": {
      "alpha": 2.7104282037703324,
      "beta": 2.076226349636,
      "n": 5
    }
  }
}