{
  "OBSIDIAN": {
    "RISK_ON": {
      "alpha": 27.15291571698033,
      "beta": 31.48883913819581,
      "n": 81
    },
    "NEUTRAL": {
      "alpha": 1.0,
      "beta": 1.0,
      "n": 0
    }
  },
  "WEAVER": {
    "RISK_ON": {
      "alpha": 153.1613449448777,
      "beta": 48.56795131821436,
      "n": 408
    },
    "NEUTRAL": {
      "alpha": 1.0,
      "beta": 1.0,
      "n": 0
    }
  },
  "THUNDERHEAD": {
    "RISK_ON": {
      "alpha": 77.92965349903108,
      "beta": 65.60726701705214,
      "n": 210
    },
    "NEUTRAL": {
      "alpha": 1.0,
      "beta": 1.0,
      "n": 0
    }
  },
  "ZENITH": {
    "RISK_ON": {
      "alpha": 203.42669478725108,
      "beta": 89.31202131526769,
      "n": 650
    },
    "NEUTRAL": {
      "alpha": 1.0,
      "beta": 1.0,
      "n": 0
    }
  },
  "HEX": {
    "RISK_ON": {
      "alpha": 90.0483653162928,
      "beta": 119.93563463094333,
      "n": 396
    },
    "NEUTRAL": {
      "alpha": 1.0,
      "beta": 1.0,
      "n": 0
    }
  },
  "SYNTH": {
    "RISK_ON": {
      "alpha": 136.67099985302684,
      "beta": 72.80096998495374,
      "n": 344
    },
    "NEUTRAL": {
      "alpha": 1.0,
      "beta": 1.0,
      "n": 0
    }
  },
  "KESTREL": {
    "RISK_ON": {
      "alpha": 16.104879744800584,
      "beta": 10.82156351528702,
      "n": 36
    },
    "NEUTRAL": {
      "alpha": 1.0,
      "beta": 1.0,
      "n": 0
    }
  },
  "STEADFAST": {
    "RISK_ON": {
      "alpha": 34.237726964079265,
      "beta": 22.519159104020044,
      "n": 88
    },
    "NEUTRAL": {
      "alpha": 1.0,
      "beta": 1.0,
      "n": 0
    }
  },
  "FORGE": {
    "RISK_ON": {
      "alpha": 47.42748914814104,
      "beta": 25.6962265737111,
      "n": 89
    },
    "NEUTRAL": {
      "alpha": 1.0,
      "beta": 1.0,
      "n": 0
    }
  },
  "ATLAS": {
    "RISK_ON": {
      "alpha": 15.728474496859985,
      "beta": 10.07051604871325,
      "n": 33
    },
    "NEUTRAL": {
      "alpha": 1.0,
      "beta": 1.0,
      "n": 0
    }
  },
  "TALON": {
    "RISK_ON": {
      "alpha": 7.905575371095738,
      "beta": 6.158822549937024,
      "n": 18
    },
    "NEUTRAL": {
      "alpha": 1.0,
      "beta": 1.0,
      "n": 0
    }
  },
  "BARON": {
    "RISK_ON": {
      "alpha": 4.487317263168652,
      "beta": 3.6583331810000006,
      "n": 6
    },
    "NEUTRAL": {
      "alpha": 1.0,
      "beta": 1.0,
      "n": 0
    }
  },
  "JADE": {
    "RISK_ON": {
      "alpha": 4.07414793221149,
      "beta": 9.511915572082186,
      "n": 10
    },
    "NEUTRAL": {
      "alpha": 1.0,
      "beta": 1.0,
      "n": 0
    }
  }
}