{
  "OBSIDIAN": {
    "RISK_ON": {
      "alpha": 13.11202071586163,
      "beta": 15.050787404357425,
      "n": 49
    }
  },
  "WEAVER": {
    "RISK_ON": {
      "alpha": 80.33064351607369,
      "beta": 41.38733091687989,
      "n": 263
    }
  },
  "THUNDERHEAD": {
    "RISK_ON": {
      "alpha": 58.51158681211009,
      "beta": 48.30039254498251,
      "n": 162
    }
  },
  "ZENITH": {
    "RISK_ON": {
      "alpha": 93.52710232196863,
      "beta": 87.45077743283679,
      "n": 422
    }
  },
  "HEX": {
    "RISK_ON": {
      "alpha": 79.49035500842264,
      "beta": 64.16135084122367,
      "n": 277
    }
  },
  "SYNTH": {
    "RISK_ON": {
      "alpha": 53.76131038113108,
      "beta": 60.25671359075939,
      "n": 223
    }
  },
  "KESTREL": {
    "RISK_ON": {
      "alpha": 7.203798264890292,
      "beta": 8.361451516926083,
      "n": 21
    }
  },
  "STEADFAST": {
    "RISK_ON": {
      "alpha": 22.686678755726852,
      "beta": 11.816983243589688,
      "n": 56
    }
  },
  "FORGE": {
    "RISK_ON": {
      "alpha": 25.382595911859656,
      "beta": 14.708684277189276,
      "n": 47
    }
  },
  "ATLAS": {
    "RISK_ON": {
      "alpha": 7.970551200275448,
      "beta": 7.875345065398493,
      "n": 20
    }
  },
  "TALON": {
    "RISK_ON": {
      "alpha": 5.534784032021825,
      "beta": 5.713096083165302,
      "n": 13
    }
  },
  "BARON": {
    "RISK_ON": {
      "alpha": 4.5188923795,
      "beta": 1.0,
      "n": 3
    }
  },
  "JADE": {
    "RISK_ON": {
      "alpha": 1.9985,
      "beta": 1.0,
      "n": 2
    }
  }
}