{
  "OBSIDIAN": {
    "RISK_ON": {
      "alpha": 13.185021177737456,
      "beta": 13.270871193678754,
      "n": 47
    }
  },
  "WEAVER": {
    "RISK_ON": {
      "alpha": 71.06366936401336,
      "beta": 37.52249735651011,
      "n": 244
    }
  },
  "THUNDERHEAD": {
    "RISK_ON": {
      "alpha": 55.183411597828965,
      "beta": 47.77003820286453,
      "n": 155
    }
  },
  "ZENITH": {
    "RISK_ON": {
      "alpha": 95.86294837954932,
      "beta": 56.33780240379412,
      "n": 393
    }
  },
  "HEX": {
    "RISK_ON": {
      "alpha": 59.25020441507137,
      "beta": 65.41764848031615,
      "n": 260
    }
  },
  "SYNTH": {
    "RISK_ON": {
      "alpha": 54.25497972594308,
      "beta": 48.96329041466988,
      "n": 211
    }
  },
  "KESTREL": {
    "RISK_ON": {
      "alpha": 6.462816262711643,
      "beta": 6.410972459905068,
      "n": 18
    }
  },
  "STEADFAST": {
    "RISK_ON": {
      "alpha": 17.146575350555782,
      "beta": 10.517256204593515,
      "n": 48
    }
  },
  "FORGE": {
    "RISK_ON": {
      "alpha": 18.228068445046723,
      "beta": 8.466220205899127,
      "n": 34
    }
  },
  "ATLAS": {
    "RISK_ON": {
      "alpha": 8.076057119600023,
      "beta": 1.9814744409928051,
      "n": 15
    }
  },
  "TALON": {
    "RISK_ON": {
      "alpha": 5.5758431965724355,
      "beta": 1.9933409997765026,
      "n": 10
    }
  },
  "BARON": {
    "RISK_ON": {
      "alpha": 4.5188923795,
      "beta": 1.0,
      "n": 3
    }
  },
  "JADE": {
    "RISK_ON": {
      "alpha": 1.9985,
      "beta": 1.0,
      "n": 2
    }
  }
}