{
  "OBSIDIAN": {
    "RISK_ON": {
      "alpha": 13.11202071586163,
      "beta": 15.050787404357425,
      "n": 49
    }
  },
  "WEAVER": {
    "RISK_ON": {
      "alpha": 80.33064351607369,
      "beta": 41.38733091687989,
      "n": 263
    }
  },
  "THUNDERHEAD": {
    "RISK_ON": {
      "alpha": 57.892263602918845,
      "beta": 48.44272070710382,
      "n": 161
    }
  },
  "ZENITH": {
    "RISK_ON": {
      "alpha": 93.01314174721026,
      "beta": 87.71091016332677,
      "n": 421
    }
  },
  "HEX": {
    "RISK_ON": {
      "alpha": 79.72653461225941,
      "beta": 63.55902792499865,
      "n": 276
    }
  },
  "SYNTH": {
    "RISK_ON": {
      "alpha": 53.76131038113108,
      "beta": 60.25671359075939,
      "n": 223
    }
  },
  "KESTREL": {
    "RISK_ON": {
      "alpha": 6.430088530481737,
      "beta": 8.383602323897776,
      "n": 20
    }
  },
  "STEADFAST": {
    "RISK_ON": {
      "alpha": 22.686678755726852,
      "beta": 11.816983243589688,
      "n": 56
    }
  },
  "FORGE": {
    "RISK_ON": {
      "alpha": 25.382595911859656,
      "beta": 14.708684277189276,
      "n": 47
    }
  },
  "ATLAS": {
    "RISK_ON": {
      "alpha": 7.970551200275448,
      "beta": 7.875345065398493,
      "n": 20
    }
  },
  "TALON": {
    "RISK_ON": {
      "alpha": 5.534784032021825,
      "beta": 5.713096083165302,
      "n": 13
    }
  },
  "BARON": {
    "RISK_ON": {
      "alpha": 4.5188923795,
      "beta": 1.0,
      "n": 3
    }
  },
  "JADE": {
    "RISK_ON": {
      "alpha": 1.9985,
      "beta": 1.0,
      "n": 2
    }
  }
}