{
  "OBSIDIAN": {
    "RISK_ON": {
      "alpha": 42.908723374468345,
      "beta": 36.49178234768912,
      "n": 113
    },
    "NEUTRAL": {
      "alpha": 5.9679841425016456,
      "beta": 3.9435630510140856,
      "n": 15
    }
  },
  "WEAVER": {
    "RISK_ON": {
      "alpha": 152.39108270862104,
      "beta": 69.4086793757405,
      "n": 494
    },
    "NEUTRAL": {
      "alpha": 13.875335760191382,
      "beta": 10.806100050872521,
      "n": 40
    }
  },
  "THUNDERHEAD": {
    "RISK_ON": {
      "alpha": 83.40690626890488,
      "beta": 71.31928881562553,
      "n": 232
    },
    "NEUTRAL": {
      "alpha": 20.085956427311046,
      "beta": 31.69183389805097,
      "n": 94
    }
  },
  "ZENITH": {
    "RISK_ON": {
      "alpha": 162.3069321381661,
      "beta": 137.68289240515648,
      "n": 901
    },
    "NEUTRAL": {
      "alpha": 27.990117004118375,
      "beta": 36.825977042801114,
      "n": 124
    }
  },
  "HEX": {
    "RISK_ON": {
      "alpha": 121.20068537362039,
      "beta": 122.98329876402576,
      "n": 574
    },
    "NEUTRAL": {
      "alpha": 30.819811697391557,
      "beta": 23.85783174828295,
      "n": 108
    }
  },
  "SYNTH": {
    "RISK_ON": {
      "alpha": 126.59813653608,
      "beta": 124.33041756409098,
      "n": 463
    },
    "NEUTRAL": {
      "alpha": 1.0,
      "beta": 1.0,
      "n": 0
    }
  },
  "KESTREL": {
    "RISK_ON": {
      "alpha": 19.183506654141006,
      "beta": 18.458888883616556,
      "n": 51
    },
    "NEUTRAL": {
      "alpha": 2.0835791390000002,
      "beta": 3.112687797742879,
      "n": 6
    }
  },
  "STEADFAST": {
    "RISK_ON": {
      "alpha": 45.2274488289503,
      "beta": 26.572530131788405,
      "n": 115
    },
    "NEUTRAL": {
      "alpha": 9.164572617603088,
      "beta": 1.97479491738941,
      "n": 13
    }
  },
  "FORGE": {
    "RISK_ON": {
      "alpha": 51.31217729117978,
      "beta": 40.13167430776737,
      "n": 113
    },
    "NEUTRAL": {
      "alpha": 1.0,
      "beta": 19.68781255277877,
      "n": 14
    }
  },
  "ATLAS": {
    "RISK_ON": {
      "alpha": 17.132374541147904,
      "beta": 12.648963508295717,
      "n": 40
    },
    "NEUTRAL": {
      "alpha": 3.8366213919125003,
      "beta": 1.8845,
      "n": 4
    }
  },
  "TALON": {
    "RISK_ON": {
      "alpha": 7.843611456840361,
      "beta": 7.99012552290823,
      "n": 21
    },
    "NEUTRAL": {
      "alpha": 1.7602125,
      "beta": 1.8845,
      "n": 2
    }
  },
  "BARON": {
    "RISK_ON": {
      "alpha": 5.980094745445009,
      "beta": 3.64240710691263,
      "n": 8
    },
    "NEUTRAL": {
      "alpha": 1.0,
      "beta": 1.0,
      "n": 0
    }
  },
  "JADE": {
    "RISK_ON": {
      "alpha": 6.172403302593257,
      "beta": 11.37876282280516,
      "n": 16
    },
    "NEUTRAL": {
      "alpha": 1.5,
      "beta": 1.4985,
      "n": 2
    }
  },
  "MAGUS": {
    "NEUTRAL": {
      "alpha": 4.832611527736763,
      "beta": 1.8818465,
      "n": 5
    },
    "RISK_ON": {
      "alpha": 2.7104282037703324,
      "beta": 2.076226349636,
      "n": 5
    }
  }
}