{
  "OBSIDIAN": {
    "RISK_ON": {
      "alpha": 18.676494361503604,
      "beta": 27.709729958348415,
      "n": 67
    }
  },
  "WEAVER": {
    "RISK_ON": {
      "alpha": 115.10534865096999,
      "beta": 45.18475237858872,
      "n": 338
    }
  },
  "THUNDERHEAD": {
    "RISK_ON": {
      "alpha": 64.52163422292755,
      "beta": 54.68263324185006,
      "n": 181
    }
  },
  "ZENITH": {
    "RISK_ON": {
      "alpha": 161.31616657786583,
      "beta": 86.19141224130915,
      "n": 553
    }
  },
  "HEX": {
    "RISK_ON": {
      "alpha": 86.1879757206271,
      "beta": 78.05682948344885,
      "n": 321
    }
  },
  "SYNTH": {
    "RISK_ON": {
      "alpha": 112.5741885781608,
      "beta": 60.98062838156046,
      "n": 293
    }
  },
  "KESTREL": {
    "RISK_ON": {
      "alpha": 12.946394119720676,
      "beta": 9.920480709394552,
      "n": 30
    }
  },
  "STEADFAST": {
    "RISK_ON": {
      "alpha": 29.078364938618247,
      "beta": 19.409067407011715,
      "n": 75
    }
  },
  "FORGE": {
    "RISK_ON": {
      "alpha": 39.4537745872082,
      "beta": 21.920558893852824,
      "n": 76
    }
  },
  "ATLAS": {
    "RISK_ON": {
      "alpha": 15.861830099613226,
      "beta": 7.671847068599663,
      "n": 30
    }
  },
  "TALON": {
    "RISK_ON": {
      "alpha": 7.9263544343989345,
      "beta": 5.656792928723194,
      "n": 17
    }
  },
  "BARON": {
    "RISK_ON": {
      "alpha": 4.508335702361499,
      "beta": 1.909,
      "n": 4
    }
  },
  "JADE": {
    "RISK_ON": {
      "alpha": 1.9895404325405,
      "beta": 5.6046242274999996,
      "n": 5
    }
  }
}