{
  "generated_at": "2026-06-30T10:07:17.251655+00:00",
  "metals_fetched": 4,
  "energy_fetched": 1,
  "metals": {
    "XAU": 4023.982938312341,
    "XAG": 58.82262977154467,
    "XPT": 1576.7896562598548,
    "XPD": 1233.912861073751
  },
  "energy": {
    "WTI": 78.94
  },
  "note": "No synthetic data. If counts are 0, set METALPRICE_API_KEY and/or TWELVEDATA_API_KEY in the workflow env \u2014 then metal/energy books fill and get their own arenas/champions automatically."
}