{
  "generated_at": "2026-06-30T08:27:24.159309+00:00",
  "metals_fetched": 4,
  "energy_fetched": 1,
  "metals": {
    "XAU": 4032.7458966810495,
    "XAG": 59.00373375627209,
    "XPT": 1568.110896802622,
    "XPD": 1219.61630870928
  },
  "energy": {
    "WTI": 78.94
  },
  "note": "No synthetic data. If counts are 0, set METALPRICE_API_KEY and/or TWELVEDATA_API_KEY in the workflow env \u2014 then metal/energy books fill and get their own arenas/champions automatically."
}