{
  "generated_at": "2026-06-25T17:10:48.456482+00:00",
  "metals_fetched": 4,
  "energy_fetched": 1,
  "metals": {
    "XAU": 4028.359651949726,
    "XAG": 58.28548580660992,
    "XPT": 1599.3602558976409,
    "XPD": 1182.1868091595834
  },
  "energy": {
    "WTI": 78.94
  },
  "note": "No synthetic data. If counts are 0, set METALPRICE_API_KEY and/or TWELVEDATA_API_KEY in the workflow env \u2014 then metal/energy books fill and get their own arenas/champions automatically."
}