{
  "generated_at": "2026-06-24T14:11:12.638910+00:00",
  "metals_fetched": 4,
  "energy_fetched": 1,
  "metals": {
    "XAU": 4038.4460059769003,
    "XAG": 59.523738662215884,
    "XPT": 1618.201530818648,
    "XPD": 1199.5585624490188
  },
  "energy": {
    "WTI": 84.65
  },
  "note": "No synthetic data. If counts are 0, set METALPRICE_API_KEY and/or TWELVEDATA_API_KEY in the workflow env \u2014 then metal/energy books fill and get their own arenas/champions automatically."
}