{
  "generated_at": "2026-06-29T15:27:40.268762+00:00",
  "metals_fetched": 4,
  "energy_fetched": 1,
  "metals": {
    "XAU": 4026.0890570899433,
    "XAG": 58.01648596465172,
    "XPT": 1591.621703353547,
    "XPD": 1215.0225386680922
  },
  "energy": {
    "WTI": 78.94
  },
  "note": "No synthetic data. If counts are 0, set METALPRICE_API_KEY and/or TWELVEDATA_API_KEY in the workflow env \u2014 then metal/energy books fill and get their own arenas/champions automatically."
}