{
  "generated_at": "2026-06-29T12:43:31.909278+00:00",
  "metals_fetched": 4,
  "energy_fetched": 1,
  "metals": {
    "XAU": 4039.587962027873,
    "XAG": 58.20460899016749,
    "XPT": 1608.001415041245,
    "XPD": 1231.4361007807306
  },
  "energy": {
    "WTI": 78.94
  },
  "note": "No synthetic data. If counts are 0, set METALPRICE_API_KEY and/or TWELVEDATA_API_KEY in the workflow env \u2014 then metal/energy books fill and get their own arenas/champions automatically."
}