{
  "generated_at": "2026-07-02T13:21:52.446478+00:00",
  "metals_fetched": 4,
  "energy_fetched": 1,
  "metals": {
    "XAU": 4118.107317876704,
    "XAG": 61.172555544680435,
    "XPT": 1612.227130558153,
    "XPD": 1245.9351366167878
  },
  "energy": {
    "WTI": 71.87
  },
  "note": "No synthetic data. If counts are 0, set METALPRICE_API_KEY and/or TWELVEDATA_API_KEY in the workflow env \u2014 then metal/energy books fill and get their own arenas/champions automatically."
}