{
  "generated_at": "2026-07-02T08:18:17.536403+00:00",
  "metals_fetched": 4,
  "energy_fetched": 1,
  "metals": {
    "XAU": 4064.5449741901393,
    "XAG": 59.394343995410004,
    "XPT": 1611.5775732864902,
    "XPD": 1230.3300975651769
  },
  "energy": {
    "WTI": 71.87
  },
  "note": "No synthetic data. If counts are 0, set METALPRICE_API_KEY and/or TWELVEDATA_API_KEY in the workflow env \u2014 then metal/energy books fill and get their own arenas/champions automatically."
}