{
  "generated_at": "2026-06-26T15:24:06.242252+00:00",
  "metals_fetched": 4,
  "energy_fetched": 1,
  "metals": {
    "XAU": 4080.6333142903777,
    "XAG": 59.176009572311315,
    "XPT": 1621.2710765239947,
    "XPD": 1211.6512383075656
  },
  "energy": {
    "WTI": 78.94
  },
  "note": "No synthetic data. If counts are 0, set METALPRICE_API_KEY and/or TWELVEDATA_API_KEY in the workflow env \u2014 then metal/energy books fill and get their own arenas/champions automatically."
}