{
  "generated_at": "2026-06-25T19:49:43.885040+00:00",
  "metals_fetched": 4,
  "energy_fetched": 1,
  "metals": {
    "XAU": 4034.8612007746938,
    "XAG": 58.19400718114049,
    "XPT": 1606.6579907135167,
    "XPD": 1192.4778497239415
  },
  "energy": {
    "WTI": 78.94
  },
  "note": "No synthetic data. If counts are 0, set METALPRICE_API_KEY and/or TWELVEDATA_API_KEY in the workflow env \u2014 then metal/energy books fill and get their own arenas/champions automatically."
}