{
  "generated_at": "2026-06-29T01:36:26.295503+00:00",
  "metals_fetched": 4,
  "energy_fetched": 1,
  "metals": {
    "XAU": 4069.672798307016,
    "XAG": 58.661141569279394,
    "XPT": 1620.3516163007373,
    "XPD": 1207.8899370689344
  },
  "energy": {
    "WTI": 78.94
  },
  "note": "No synthetic data. If counts are 0, set METALPRICE_API_KEY and/or TWELVEDATA_API_KEY in the workflow env \u2014 then metal/energy books fill and get their own arenas/champions automatically."
}