{
  "generated_at": "2026-06-30T03:07:18.937721+00:00",
  "metals_fetched": 4,
  "energy_fetched": 1,
  "metals": {
    "XAU": 3962.9071887136406,
    "XAG": 57.37070078311006,
    "XPT": 1589.3702914905114,
    "XPD": 1230.5571962984839
  },
  "energy": {
    "WTI": 78.94
  },
  "note": "No synthetic data. If counts are 0, set METALPRICE_API_KEY and/or TWELVEDATA_API_KEY in the workflow env \u2014 then metal/energy books fill and get their own arenas/champions automatically."
}