{
  "generated_at": "2026-06-23T06:08:56.774210+00:00",
  "metals_fetched": 4,
  "energy_fetched": 1,
  "metals": {
    "XAU": 4121.332014507088,
    "XAG": 62.563110537754966,
    "XPT": 1647.039446594746,
    "XPD": 1254.484783099581
  },
  "energy": {
    "WTI": 84.65
  },
  "note": "No synthetic data. If counts are 0, set METALPRICE_API_KEY and/or TWELVEDATA_API_KEY in the workflow env \u2014 then metal/energy books fill and get their own arenas/champions automatically."
}