{
  "generated_at": "2026-06-23T15:20:16.156975+00:00",
  "metals_fetched": 4,
  "energy_fetched": 1,
  "metals": {
    "XAU": 4130.183380142078,
    "XAG": 62.05618194376097,
    "XPT": 1634.4676538851295,
    "XPD": 1239.1880839673845
  },
  "energy": {
    "WTI": 84.65
  },
  "note": "No synthetic data. If counts are 0, set METALPRICE_API_KEY and/or TWELVEDATA_API_KEY in the workflow env \u2014 then metal/energy books fill and get their own arenas/champions automatically."
}