{
  "generated_at": "2026-06-30T23:47:30.332962+00:00",
  "metals_fetched": 4,
  "energy_fetched": 1,
  "metals": {
    "XAU": 4013.324236465064,
    "XAG": 58.72638905528032,
    "XPT": 1554.5571843860275,
    "XPD": 1215.8202531337765
  },
  "energy": {
    "WTI": 78.94
  },
  "note": "No synthetic data. If counts are 0, set METALPRICE_API_KEY and/or TWELVEDATA_API_KEY in the workflow env \u2014 then metal/energy books fill and get their own arenas/champions automatically."
}