{
  "generated_at": "2026-06-29T06:26:45.903052+00:00",
  "metals_fetched": 4,
  "energy_fetched": 1,
  "metals": {
    "XAU": 4054.4923775543302,
    "XAG": 58.58048929939492,
    "XPT": 1624.5897910777528,
    "XPD": 1213.6364188016553
  },
  "energy": {
    "WTI": 78.94
  },
  "note": "No synthetic data. If counts are 0, set METALPRICE_API_KEY and/or TWELVEDATA_API_KEY in the workflow env \u2014 then metal/energy books fill and get their own arenas/champions automatically."
}