{
  "generated_at": "2026-07-01T02:49:42.703544+00:00",
  "metals_fetched": 4,
  "energy_fetched": 1,
  "metals": {
    "XAU": 3977.8829706830024,
    "XAG": 57.69225221898825,
    "XPT": 1550.8925386559965,
    "XPD": 1213.1652695046646
  },
  "energy": {
    "WTI": 78.94
  },
  "note": "No synthetic data. If counts are 0, set METALPRICE_API_KEY and/or TWELVEDATA_API_KEY in the workflow env \u2014 then metal/energy books fill and get their own arenas/champions automatically."
}