{
  "generated_at": "2026-06-29T16:39:26.866438+00:00",
  "metals_fetched": 4,
  "energy_fetched": 1,
  "metals": {
    "XAU": 4027.2240344730376,
    "XAG": 58.095996662965945,
    "XPT": 1576.9637140649393,
    "XPD": 1218.4720360667723
  },
  "energy": {
    "WTI": 78.94
  },
  "note": "No synthetic data. If counts are 0, set METALPRICE_API_KEY and/or TWELVEDATA_API_KEY in the workflow env \u2014 then metal/energy books fill and get their own arenas/champions automatically."
}