{
  "generated_at": "2026-06-23T17:42:44.942937+00:00",
  "metals_fetched": 4,
  "energy_fetched": 1,
  "metals": {
    "XAU": 4134.281461881925,
    "XAG": 62.051484116371356,
    "XPT": 1663.561352142667,
    "XPD": 1231.6939486876302
  },
  "energy": {
    "WTI": 84.65
  },
  "note": "No synthetic data. If counts are 0, set METALPRICE_API_KEY and/or TWELVEDATA_API_KEY in the workflow env \u2014 then metal/energy books fill and get their own arenas/champions automatically."
}