{
  "generated_at": "2026-07-01T10:08:03.041146+00:00",
  "metals_fetched": 4,
  "energy_fetched": 1,
  "metals": {
    "XAU": 3984.539984858748,
    "XAG": 58.03224271405193,
    "XPT": 1542.8289311281167,
    "XPD": 1189.2303301303396
  },
  "energy": {
    "WTI": 78.94
  },
  "note": "No synthetic data. If counts are 0, set METALPRICE_API_KEY and/or TWELVEDATA_API_KEY in the workflow env \u2014 then metal/energy books fill and get their own arenas/champions automatically."
}