{
  "generated_at": "2026-06-29T11:48:19.212787+00:00",
  "metals_fetched": 4,
  "energy_fetched": 1,
  "metals": {
    "XAU": 4036.815759728726,
    "XAG": 57.7905071001417,
    "XPT": 1608.001415041245,
    "XPD": 1231.4361007807306
  },
  "energy": {
    "WTI": 78.94
  },
  "note": "No synthetic data. If counts are 0, set METALPRICE_API_KEY and/or TWELVEDATA_API_KEY in the workflow env \u2014 then metal/energy books fill and get their own arenas/champions automatically."
}