{
  "generated_at": "2026-06-24T02:09:17.181884+00:00",
  "metals_fetched": 4,
  "energy_fetched": 1,
  "metals": {
    "XAU": 4089.4777736882997,
    "XAG": 61.6945011691108,
    "XPT": 1655.3002714692445,
    "XPD": 1233.988992818184
  },
  "energy": {
    "WTI": 84.65
  },
  "note": "No synthetic data. If counts are 0, set METALPRICE_API_KEY and/or TWELVEDATA_API_KEY in the workflow env \u2014 then metal/energy books fill and get their own arenas/champions automatically."
}