{
  "generated_at": "2026-06-23T02:28:17.812445+00:00",
  "metals_fetched": 4,
  "energy_fetched": 1,
  "metals": {
    "XAU": 4161.464835622139,
    "XAG": 64.07401830594704,
    "XPT": 1678.38740538091,
    "XPD": 1268.4238565158935
  },
  "energy": {
    "WTI": 84.65
  },
  "note": "No synthetic data. If counts are 0, set METALPRICE_API_KEY and/or TWELVEDATA_API_KEY in the workflow env \u2014 then metal/energy books fill and get their own arenas/champions automatically."
}