{
  "generated_at": "2026-06-29T14:58:48.879430+00:00",
  "metals_fetched": 4,
  "energy_fetched": 1,
  "metals": {
    "XAU": 4032.095480020967,
    "XAG": 58.15265304033701,
    "XPT": 1591.621703353547,
    "XPD": 1215.0225386680922
  },
  "energy": {
    "WTI": 78.94
  },
  "note": "No synthetic data. If counts are 0, set METALPRICE_API_KEY and/or TWELVEDATA_API_KEY in the workflow env \u2014 then metal/energy books fill and get their own arenas/champions automatically."
}