{
  "generated_at": "2026-06-25T04:57:41.321430+00:00",
  "metals_fetched": 4,
  "energy_fetched": 1,
  "metals": {
    "XAU": 3995.6846605665887,
    "XAG": 57.45947526857995,
    "XPT": 1565.3126712060732,
    "XPD": 1173.722696275778
  },
  "energy": {
    "WTI": 78.94
  },
  "note": "No synthetic data. If counts are 0, set METALPRICE_API_KEY and/or TWELVEDATA_API_KEY in the workflow env \u2014 then metal/energy books fill and get their own arenas/champions automatically."
}