{
  "generated_at": "2026-07-02T15:41:34.087641+00:00",
  "metals_fetched": 4,
  "energy_fetched": 1,
  "metals": {
    "XAU": 4128.989636236013,
    "XAG": 61.358991209097326,
    "XPT": 1612.227130558153,
    "XPD": 1245.9351366167878
  },
  "energy": {
    "WTI": 71.87
  },
  "note": "No synthetic data. If counts are 0, set METALPRICE_API_KEY and/or TWELVEDATA_API_KEY in the workflow env \u2014 then metal/energy books fill and get their own arenas/champions automatically."
}