{
  "generated_at": "2026-06-24T00:13:07.042456+00:00",
  "metals_fetched": 4,
  "energy_fetched": 1,
  "metals": {
    "XAU": 4099.368697220628,
    "XAG": 61.67125398010856,
    "XPT": 1660.1092351876755,
    "XPD": 1235.8189772362146
  },
  "energy": {
    "WTI": 84.65
  },
  "note": "No synthetic data. If counts are 0, set METALPRICE_API_KEY and/or TWELVEDATA_API_KEY in the workflow env \u2014 then metal/energy books fill and get their own arenas/champions automatically."
}