{
  "generated_at": "2026-06-29T22:38:13.642423+00:00",
  "metals_fetched": 4,
  "energy_fetched": 1,
  "metals": {
    "XAU": 4016.709511568123,
    "XAG": 58.293844111767946,
    "XPT": 1582.7292583330698,
    "XPD": 1219.3634922570418
  },
  "energy": {
    "WTI": 78.94
  },
  "note": "No synthetic data. If counts are 0, set METALPRICE_API_KEY and/or TWELVEDATA_API_KEY in the workflow env \u2014 then metal/energy books fill and get their own arenas/champions automatically."
}