{
  "generated_at": "2026-06-26T07:29:31.963842+00:00",
  "metals_fetched": 4,
  "energy_fetched": 1,
  "metals": {
    "XAU": 4031.7703503608436,
    "XAG": 58.245494274176686,
    "XPT": 1578.6565632646616,
    "XPD": 1178.8699352800404
  },
  "energy": {
    "WTI": 78.94
  },
  "note": "No synthetic data. If counts are 0, set METALPRICE_API_KEY and/or TWELVEDATA_API_KEY in the workflow env \u2014 then metal/energy books fill and get their own arenas/champions automatically."
}