{
  "generated_at": "2026-06-24T05:38:41.553267+00:00",
  "metals_fetched": 4,
  "energy_fetched": 1,
  "metals": {
    "XAU": 4064.7101861637266,
    "XAG": 61.13968032506745,
    "XPT": 1646.7682173734045,
    "XPD": 1231.1632029941889
  },
  "energy": {
    "WTI": 84.65
  },
  "note": "No synthetic data. If counts are 0, set METALPRICE_API_KEY and/or TWELVEDATA_API_KEY in the workflow env \u2014 then metal/energy books fill and get their own arenas/champions automatically."
}