{
  "generated_at": "2026-06-25T09:39:54.722376+00:00",
  "metals_fetched": 4,
  "energy_fetched": 1,
  "metals": {
    "XAU": 3989.467804994814,
    "XAG": 57.437000226301784,
    "XPT": 1569.2920923371466,
    "XPD": 1175.0052875237939
  },
  "energy": {
    "WTI": 78.94
  },
  "note": "No synthetic data. If counts are 0, set METALPRICE_API_KEY and/or TWELVEDATA_API_KEY in the workflow env \u2014 then metal/energy books fill and get their own arenas/champions automatically."
}