{
  "generated_at": "2026-07-02T12:08:45.141611+00:00",
  "metals_fetched": 4,
  "energy_fetched": 1,
  "metals": {
    "XAU": 4065.5364475342526,
    "XAG": 59.79098268273769,
    "XPT": 1617.8873626818101,
    "XPD": 1233.4410538520365
  },
  "energy": {
    "WTI": 71.87
  },
  "note": "No synthetic data. If counts are 0, set METALPRICE_API_KEY and/or TWELVEDATA_API_KEY in the workflow env \u2014 then metal/energy books fill and get their own arenas/champions automatically."
}