{
  "generated_at": "2026-06-25T12:40:48.034787+00:00",
  "metals_fetched": 4,
  "energy_fetched": 1,
  "metals": {
    "XAU": 3980.574795000398,
    "XAG": 57.15974376430066,
    "XPT": 1574.2825207411722,
    "XPD": 1178.0089293076842
  },
  "energy": {
    "WTI": 78.94
  },
  "note": "No synthetic data. If counts are 0, set METALPRICE_API_KEY and/or TWELVEDATA_API_KEY in the workflow env \u2014 then metal/energy books fill and get their own arenas/champions automatically."
}