{
  "generated_at": "2026-06-29T21:27:58.922285+00:00",
  "metals_fetched": 4,
  "energy_fetched": 1,
  "metals": {
    "XAU": 4016.709511568123,
    "XAG": 58.295305362468554,
    "XPT": 1581.3526890902476,
    "XPD": 1219.6014342512867
  },
  "energy": {
    "WTI": 78.94
  },
  "note": "No synthetic data. If counts are 0, set METALPRICE_API_KEY and/or TWELVEDATA_API_KEY in the workflow env \u2014 then metal/energy books fill and get their own arenas/champions automatically."
}