{
  "generated_at": "2026-07-01T18:56:24.826548+00:00",
  "metals_fetched": 4,
  "energy_fetched": 1,
  "metals": {
    "XAU": 4068.348250610252,
    "XAG": 59.85894837405139,
    "XPT": 1603.2835246585005,
    "XPD": 1227.4908858801723
  },
  "energy": {
    "WTI": 78.94
  },
  "note": "No synthetic data. If counts are 0, set METALPRICE_API_KEY and/or TWELVEDATA_API_KEY in the workflow env \u2014 then metal/energy books fill and get their own arenas/champions automatically."
}