{
  "generated_at": "2026-06-30T17:23:56.824139+00:00",
  "metals_fetched": 4,
  "energy_fetched": 1,
  "metals": {
    "XAU": 4026.251157547208,
    "XAG": 59.456743732516,
    "XPT": 1573.8860821253757,
    "XPD": 1222.0457045093488
  },
  "energy": {
    "WTI": 78.94
  },
  "note": "No synthetic data. If counts are 0, set METALPRICE_API_KEY and/or TWELVEDATA_API_KEY in the workflow env \u2014 then metal/energy books fill and get their own arenas/champions automatically."
}