{
  "generated_at": "2026-07-01T19:39:15.843790+00:00",
  "metals_fetched": 4,
  "energy_fetched": 2,
  "metals": {
    "XAU": 4062.23341593208,
    "XAG": 59.72120945004529,
    "XPT": 1590.6090442030254,
    "XPD": 1222.7928588897041
  },
  "energy": {
    "WTI": 78.94,
    "NATGAS": 3.16
  },
  "note": "No synthetic data. If counts are 0, set METALPRICE_API_KEY and/or TWELVEDATA_API_KEY in the workflow env \u2014 then metal/energy books fill and get their own arenas/champions automatically."
}