{
  "generated_at": "2026-06-25T05:38:27.329563+00:00",
  "metals_fetched": 4,
  "energy_fetched": 1,
  "metals": {
    "XAU": 3996.1636828644505,
    "XAG": 57.55703758532112,
    "XPT": 1565.3126712060732,
    "XPD": 1173.722696275778
  },
  "energy": {
    "WTI": 78.94
  },
  "note": "No synthetic data. If counts are 0, set METALPRICE_API_KEY and/or TWELVEDATA_API_KEY in the workflow env \u2014 then metal/energy books fill and get their own arenas/champions automatically."
}