{
  "generated_at": "2026-07-02T01:19:23.250341+00:00",
  "metals_fetched": 4,
  "energy_fetched": 2,
  "metals": {
    "XAU": 4051.8638573743924,
    "XAG": 59.460279047089564,
    "XPT": 1579.7289185175825,
    "XPD": 1219.3783609116074
  },
  "energy": {
    "WTI": 71.87,
    "NATGAS": 3.33
  },
  "note": "No synthetic data. If counts are 0, set METALPRICE_API_KEY and/or TWELVEDATA_API_KEY in the workflow env \u2014 then metal/energy books fill and get their own arenas/champions automatically."
}