{
  "generated_at": "2026-07-01T03:47:59.121583+00:00",
  "metals_fetched": 4,
  "energy_fetched": 1,
  "metals": {
    "XAU": 3979.1492578886637,
    "XAG": 57.700008424201236,
    "XPT": 1550.8925386559965,
    "XPD": 1213.1652695046646
  },
  "energy": {
    "WTI": 78.94
  },
  "note": "No synthetic data. If counts are 0, set METALPRICE_API_KEY and/or TWELVEDATA_API_KEY in the workflow env \u2014 then metal/energy books fill and get their own arenas/champions automatically."
}