{
  "generated_at": "2026-07-02T03:58:14.826181+00:00",
  "metals_fetched": 4,
  "energy_fetched": 1,
  "metals": {
    "XAU": 4057.1243102888675,
    "XAG": 60.039001335267386,
    "XPT": 1579.7289185175825,
    "XPD": 1219.3783609116074
  },
  "energy": {
    "WTI": 71.87
  },
  "note": "No synthetic data. If counts are 0, set METALPRICE_API_KEY and/or TWELVEDATA_API_KEY in the workflow env \u2014 then metal/energy books fill and get their own arenas/champions automatically."
}