{
  "generated_at": "2026-07-02T09:08:15.572548+00:00",
  "metals_fetched": 4,
  "energy_fetched": 1,
  "metals": {
    "XAU": 4075.976196299014,
    "XAG": 60.15500742312791,
    "XPT": 1611.5775732864902,
    "XPD": 1230.3300975651769
  },
  "energy": {
    "WTI": 71.87
  },
  "note": "No synthetic data. If counts are 0, set METALPRICE_API_KEY and/or TWELVEDATA_API_KEY in the workflow env \u2014 then metal/energy books fill and get their own arenas/champions automatically."
}