{
  "generated_at": "2026-06-26T18:57:30.401749+00:00",
  "metals_fetched": 4,
  "energy_fetched": 1,
  "metals": {
    "XAU": 4074.8135772788396,
    "XAG": 59.000983546395716,
    "XPT": 1627.4982097519694,
    "XPD": 1214.4618112483454
  },
  "energy": {
    "WTI": 78.94
  },
  "note": "No synthetic data. If counts are 0, set METALPRICE_API_KEY and/or TWELVEDATA_API_KEY in the workflow env \u2014 then metal/energy books fill and get their own arenas/champions automatically."
}