{
  "generated_at": "2026-07-01T13:30:50.049053+00:00",
  "metals_fetched": 4,
  "energy_fetched": 1,
  "metals": {
    "XAU": 4022.8497867889614,
    "XAG": 58.814499656229245,
    "XPT": 1560.963426626914,
    "XPD": 1196.5873329264937
  },
  "energy": {
    "WTI": 78.94
  },
  "note": "No synthetic data. If counts are 0, set METALPRICE_API_KEY and/or TWELVEDATA_API_KEY in the workflow env \u2014 then metal/energy books fill and get their own arenas/champions automatically."
}