{
  "generated_at": "2026-06-24T10:23:24.961065+00:00",
  "metals_fetched": 4,
  "energy_fetched": 1,
  "metals": {
    "XAU": 4064.5449741901393,
    "XAG": 61.0737373768219,
    "XPT": 1641.8743637736839,
    "XPD": 1221.2994626282366
  },
  "energy": {
    "WTI": 84.65
  },
  "note": "No synthetic data. If counts are 0, set METALPRICE_API_KEY and/or TWELVEDATA_API_KEY in the workflow env \u2014 then metal/energy books fill and get their own arenas/champions automatically."
}