{
  "generated_at": "2026-06-26T05:49:04.535328+00:00",
  "metals_fetched": 4,
  "energy_fetched": 1,
  "metals": {
    "XAU": 4011.875150445318,
    "XAG": 56.4262120068208,
    "XPT": 1574.6047742016754,
    "XPD": 1172.6216301785903
  },
  "energy": {
    "WTI": 78.94
  },
  "note": "No synthetic data. If counts are 0, set METALPRICE_API_KEY and/or TWELVEDATA_API_KEY in the workflow env \u2014 then metal/energy books fill and get their own arenas/champions automatically."
}