{
  "generated_at": "2026-06-30T12:27:16.328031+00:00",
  "metals_fetched": 4,
  "energy_fetched": 1,
  "metals": {
    "XAU": 4034.047359716003,
    "XAG": 59.049236434323674,
    "XPT": 1576.7896562598548,
    "XPD": 1233.912861073751
  },
  "energy": {
    "WTI": 78.94
  },
  "note": "No synthetic data. If counts are 0, set METALPRICE_API_KEY and/or TWELVEDATA_API_KEY in the workflow env \u2014 then metal/energy books fill and get their own arenas/champions automatically."
}