{
  "generated_at": "2026-06-24T11:24:52.315612+00:00",
  "metals_fetched": 4,
  "energy_fetched": 1,
  "metals": {
    "XAU": 4055.807916937054,
    "XAG": 60.618000515253,
    "XPT": 1641.8743637736839,
    "XPD": 1221.2994626282366
  },
  "energy": {
    "WTI": 84.65
  },
  "note": "No synthetic data. If counts are 0, set METALPRICE_API_KEY and/or TWELVEDATA_API_KEY in the workflow env \u2014 then metal/energy books fill and get their own arenas/champions automatically."
}