{
  "generated_at": "2026-06-30T06:27:30.574280+00:00",
  "metals_fetched": 4,
  "energy_fetched": 1,
  "metals": {
    "XAU": 3978.990927900684,
    "XAG": 57.303798955351745,
    "XPT": 1563.9906786155555,
    "XPD": 1212.7386063207937
  },
  "energy": {
    "WTI": 78.94
  },
  "note": "No synthetic data. If counts are 0, set METALPRICE_API_KEY and/or TWELVEDATA_API_KEY in the workflow env \u2014 then metal/energy books fill and get their own arenas/champions automatically."
}