{
  "generated_at": "2026-06-26T03:59:17.392785+00:00",
  "metals_fetched": 4,
  "energy_fetched": 1,
  "metals": {
    "XAU": 3990.741479766941,
    "XAG": 55.98919184640597,
    "XPT": 1598.7465826791795,
    "XPD": 1185.4802380444316
  },
  "energy": {
    "WTI": 78.94
  },
  "note": "No synthetic data. If counts are 0, set METALPRICE_API_KEY and/or TWELVEDATA_API_KEY in the workflow env \u2014 then metal/energy books fill and get their own arenas/champions automatically."
}