{
  "generated_at": "2026-06-30T21:43:48.223605+00:00",
  "metals_fetched": 4,
  "energy_fetched": 1,
  "metals": {
    "XAU": 4007.5341642287503,
    "XAG": 58.5931205817125,
    "XPT": 1552.8914839431022,
    "XPD": 1209.262954229397
  },
  "energy": {
    "WTI": 78.94
  },
  "note": "No synthetic data. If counts are 0, set METALPRICE_API_KEY and/or TWELVEDATA_API_KEY in the workflow env \u2014 then metal/energy books fill and get their own arenas/champions automatically."
}