{
  "generated_at": "2026-06-29T09:46:55.927857+00:00",
  "metals_fetched": 4,
  "energy_fetched": 1,
  "metals": {
    "XAU": 4047.272138578598,
    "XAG": 58.011504841640196,
    "XPT": 1605.3683517683135,
    "XPD": 1210.7270415884739
  },
  "energy": {
    "WTI": 78.94
  },
  "note": "No synthetic data. If counts are 0, set METALPRICE_API_KEY and/or TWELVEDATA_API_KEY in the workflow env \u2014 then metal/energy books fill and get their own arenas/champions automatically."
}