{
  "generated_at": "2026-06-23T23:40:45.710494+00:00",
  "metals_fetched": 4,
  "energy_fetched": 1,
  "metals": {
    "XAU": 4104.416351994746,
    "XAG": 61.50023677591159,
    "XPT": 1660.1092351876755,
    "XPD": 1235.8189772362146
  },
  "energy": {
    "WTI": 84.65
  },
  "note": "No synthetic data. If counts are 0, set METALPRICE_API_KEY and/or TWELVEDATA_API_KEY in the workflow env \u2014 then metal/energy books fill and get their own arenas/champions automatically."
}