{
  "generated_at": "2026-06-23T12:13:50.214258+00:00",
  "metals_fetched": 4,
  "energy_fetched": 1,
  "metals": {
    "XAU": 4123.371268349002,
    "XAG": 62.071936408542584,
    "XPT": 1629.566861128312,
    "XPD": 1234.7813202281875
  },
  "energy": {
    "WTI": 84.65
  },
  "note": "No synthetic data. If counts are 0, set METALPRICE_API_KEY and/or TWELVEDATA_API_KEY in the workflow env \u2014 then metal/energy books fill and get their own arenas/champions automatically."
}