{
  "generated_at": "2026-06-30T19:45:44.937338+00:00",
  "metals_fetched": 4,
  "energy_fetched": 1,
  "metals": {
    "XAU": 4028.684231729917,
    "XAG": 59.755004481625335,
    "XPT": 1552.8914839431022,
    "XPD": 1209.262954229397
  },
  "energy": {
    "WTI": 78.94
  },
  "note": "No synthetic data. If counts are 0, set METALPRICE_API_KEY and/or TWELVEDATA_API_KEY in the workflow env \u2014 then metal/energy books fill and get their own arenas/champions automatically."
}