{
  "generated_at": "2026-06-26T21:38:37.748181+00:00",
  "metals_fetched": 4,
  "energy_fetched": 1,
  "metals": {
    "XAU": 4071.9928332926133,
    "XAG": 58.9239774627571,
    "XPT": 1634.7882949158086,
    "XPD": 1214.9192078726765
  },
  "energy": {
    "WTI": 78.94
  },
  "note": "No synthetic data. If counts are 0, set METALPRICE_API_KEY and/or TWELVEDATA_API_KEY in the workflow env \u2014 then metal/energy books fill and get their own arenas/champions automatically."
}