{
  "generated_at": "2026-07-02T16:04:32.691258+00:00",
  "metals_fetched": 4,
  "energy_fetched": 1,
  "metals": {
    "XAU": 4128.819157720892,
    "XAG": 61.1060562823442,
    "XPT": 1621.8232537018116,
    "XPD": 1271.9895188063651
  },
  "energy": {
    "WTI": 71.87
  },
  "note": "No synthetic data. If counts are 0, set METALPRICE_API_KEY and/or TWELVEDATA_API_KEY in the workflow env \u2014 then metal/energy books fill and get their own arenas/champions automatically."
}