{
  "generated_at": "2026-06-30T14:28:41.725923+00:00",
  "metals_fetched": 4,
  "energy_fetched": 1,
  "metals": {
    "XAU": 4029.658284977434,
    "XAG": 59.229355016015624,
    "XPT": 1594.1081761808357,
    "XPD": 1245.95066035385
  },
  "energy": {
    "WTI": 78.94
  },
  "note": "No synthetic data. If counts are 0, set METALPRICE_API_KEY and/or TWELVEDATA_API_KEY in the workflow env \u2014 then metal/energy books fill and get their own arenas/champions automatically."
}