{
  "generated_at": "2026-07-01T20:02:11.020328+00:00",
  "metals_fetched": 4,
  "energy_fetched": 1,
  "metals": {
    "XAU": 4038.7722132471727,
    "XAG": 59.24500534982398,
    "XPT": 1590.6090442030254,
    "XPD": 1222.7928588897041
  },
  "energy": {
    "WTI": 78.94
  },
  "note": "No synthetic data. If counts are 0, set METALPRICE_API_KEY and/or TWELVEDATA_API_KEY in the workflow env \u2014 then metal/energy books fill and get their own arenas/champions automatically."
}