{
  "generated_at": "2026-07-02T11:58:14.015865+00:00",
  "metals_fetched": 4,
  "energy_fetched": 1,
  "metals": {
    "XAU": 4066.6937779585196,
    "XAG": 59.827254784535135,
    "XPT": 1617.8873626818101,
    "XPD": 1233.4410538520365
  },
  "energy": {
    "WTI": 71.87
  },
  "note": "No synthetic data. If counts are 0, set METALPRICE_API_KEY and/or TWELVEDATA_API_KEY in the workflow env \u2014 then metal/energy books fill and get their own arenas/champions automatically."
}