{
  "generated_at": "2026-07-01T16:01:21.964267+00:00",
  "metals_fetched": 4,
  "energy_fetched": 1,
  "metals": {
    "XAU": 4081.4660626096897,
    "XAG": 60.201361513992,
    "XPT": 1603.2835246585005,
    "XPD": 1227.4908858801723
  },
  "energy": {
    "WTI": 78.94
  },
  "note": "No synthetic data. If counts are 0, set METALPRICE_API_KEY and/or TWELVEDATA_API_KEY in the workflow env \u2014 then metal/energy books fill and get their own arenas/champions automatically."
}