{
  "generated_at": "2026-06-23T19:56:04.563672+00:00",
  "metals_fetched": 4,
  "energy_fetched": 1,
  "metals": {
    "XAU": 4117.9377367814195,
    "XAG": 61.47936568049665,
    "XPT": 1668.780455243308,
    "XPD": 1238.3594214384782
  },
  "energy": {
    "WTI": 84.65
  },
  "note": "No synthetic data. If counts are 0, set METALPRICE_API_KEY and/or TWELVEDATA_API_KEY in the workflow env \u2014 then metal/energy books fill and get their own arenas/champions automatically."
}