{
  "generated_at": "2026-07-02T02:09:17.882605+00:00",
  "metals_fetched": 4,
  "energy_fetched": 1,
  "metals": {
    "XAU": 4050.222762251924,
    "XAG": 59.7815105352956,
    "XPT": 1579.7289185175825,
    "XPD": 1219.3783609116074
  },
  "energy": {
    "WTI": 71.87
  },
  "note": "No synthetic data. If counts are 0, set METALPRICE_API_KEY and/or TWELVEDATA_API_KEY in the workflow env \u2014 then metal/energy books fill and get their own arenas/champions automatically."
}