{
  "generated_at": "2026-07-01T06:58:45.035611+00:00",
  "metals_fetched": 4,
  "energy_fetched": 1,
  "metals": {
    "XAU": 3973.9310125576217,
    "XAG": 57.51800601178199,
    "XPT": 1538.1065907867417,
    "XPD": 1202.9351617947793
  },
  "energy": {
    "WTI": 78.94
  },
  "note": "No synthetic data. If counts are 0, set METALPRICE_API_KEY and/or TWELVEDATA_API_KEY in the workflow env \u2014 then metal/energy books fill and get their own arenas/champions automatically."
}