{
  "generated_at": "2026-06-28T23:11:20.214596+00:00",
  "metals_fetched": 4,
  "energy_fetched": 1,
  "metals": {
    "XAU": 4066.528404700907,
    "XAG": 58.76946150717811,
    "XPT": 1624.6953696181965,
    "XPD": 1208.809805865145
  },
  "energy": {
    "WTI": 78.94
  },
  "note": "No synthetic data. If counts are 0, set METALPRICE_API_KEY and/or TWELVEDATA_API_KEY in the workflow env \u2014 then metal/energy books fill and get their own arenas/champions automatically."
}