{
  "generated_at": "2026-06-30T13:10:26.935253+00:00",
  "metals_fetched": 4,
  "energy_fetched": 1,
  "metals": {
    "XAU": 4010.2662816811035,
    "XAG": 58.353509059090506,
    "XPT": 1594.1081761808357,
    "XPD": 1245.95066035385
  },
  "energy": {
    "WTI": 78.94
  },
  "note": "No synthetic data. If counts are 0, set METALPRICE_API_KEY and/or TWELVEDATA_API_KEY in the workflow env \u2014 then metal/energy books fill and get their own arenas/champions automatically."
}