{
  "generated_at": "2026-06-23T18:09:16.001442+00:00",
  "metals_fetched": 4,
  "energy_fetched": 1,
  "metals": {
    "XAU": 4128.137384412153,
    "XAG": 61.8145920762347,
    "XPT": 1663.561352142667,
    "XPD": 1231.6939486876302
  },
  "energy": {
    "WTI": 84.65
  },
  "note": "No synthetic data. If counts are 0, set METALPRICE_API_KEY and/or TWELVEDATA_API_KEY in the workflow env \u2014 then metal/energy books fill and get their own arenas/champions automatically."
}