{
  "generated_at": "2026-06-29T08:26:57.022990+00:00",
  "metals_fetched": 4,
  "energy_fetched": 1,
  "metals": {
    "XAU": 4061.7384240454912,
    "XAG": 58.31801513469129,
    "XPT": 1605.3683517683135,
    "XPD": 1210.7270415884739
  },
  "energy": {
    "WTI": 78.94
  },
  "note": "No synthetic data. If counts are 0, set METALPRICE_API_KEY and/or TWELVEDATA_API_KEY in the workflow env \u2014 then metal/energy books fill and get their own arenas/champions automatically."
}