{
  "generated_at": "2026-07-01T01:28:20.872016+00:00",
  "metals_fetched": 4,
  "energy_fetched": 1,
  "metals": {
    "XAU": 3996.483094876509,
    "XAG": 58.486919985214506,
    "XPT": 1550.8925386559965,
    "XPD": 1213.1652695046646
  },
  "energy": {
    "WTI": 78.94
  },
  "note": "No synthetic data. If counts are 0, set METALPRICE_API_KEY and/or TWELVEDATA_API_KEY in the workflow env \u2014 then metal/energy books fill and get their own arenas/champions automatically."
}