{
  "generated_at": "2026-07-02T05:30:51.666561+00:00",
  "metals_fetched": 4,
  "energy_fetched": 1,
  "metals": {
    "XAU": 4060.9137055837564,
    "XAG": 60.06399217726566,
    "XPT": 1604.8273205803055,
    "XPD": 1228.2748879199164
  },
  "energy": {
    "WTI": 71.87
  },
  "note": "No synthetic data. If counts are 0, set METALPRICE_API_KEY and/or TWELVEDATA_API_KEY in the workflow env \u2014 then metal/energy books fill and get their own arenas/champions automatically."
}