{
  "generated_at": "2026-06-24T20:21:03.962035+00:00",
  "metals_fetched": 4,
  "energy_fetched": 1,
  "metals": {
    "XAU": 3988.1949429688125,
    "XAG": 57.22797967491074,
    "XPT": 1578.7562558216637,
    "XPD": 1162.7095784015069
  },
  "energy": {
    "WTI": 84.65
  },
  "note": "No synthetic data. If counts are 0, set METALPRICE_API_KEY and/or TWELVEDATA_API_KEY in the workflow env \u2014 then metal/energy books fill and get their own arenas/champions automatically."
}