{
  "generated_at": "2026-06-29T00:03:11.045776+00:00",
  "metals_fetched": 4,
  "energy_fetched": 1,
  "metals": {
    "XAU": 4062.893592816804,
    "XAG": 58.67298144408289,
    "XPT": 1624.6953696181965,
    "XPD": 1208.809805865145
  },
  "energy": {
    "WTI": 78.94
  },
  "note": "No synthetic data. If counts are 0, set METALPRICE_API_KEY and/or TWELVEDATA_API_KEY in the workflow env \u2014 then metal/energy books fill and get their own arenas/champions automatically."
}