{
  "generated_at": "2026-06-24T16:01:00.200009+00:00",
  "metals_fetched": 4,
  "energy_fetched": 1,
  "metals": {
    "XAU": 4003.2025620496397,
    "XAG": 58.71814760685382,
    "XPT": 1593.0415943160276,
    "XPD": 1178.0089293076842
  },
  "energy": {
    "WTI": 84.65
  },
  "note": "No synthetic data. If counts are 0, set METALPRICE_API_KEY and/or TWELVEDATA_API_KEY in the workflow env \u2014 then metal/energy books fill and get their own arenas/champions automatically."
}