{
  "generated_at": "2026-07-02T06:59:05.694736+00:00",
  "metals_fetched": 4,
  "energy_fetched": 1,
  "metals": {
    "XAU": 4066.1976985321025,
    "XAG": 59.799992943600834,
    "XPT": 1604.8273205803055,
    "XPD": 1228.2748879199164
  },
  "energy": {
    "WTI": 71.87
  },
  "note": "No synthetic data. If counts are 0, set METALPRICE_API_KEY and/or TWELVEDATA_API_KEY in the workflow env \u2014 then metal/energy books fill and get their own arenas/champions automatically."
}