{
  "generated_at": "2026-06-26T00:39:10.275693+00:00",
  "metals_fetched": 4,
  "energy_fetched": 1,
  "metals": {
    "XAU": 4014.613192018949,
    "XAG": 57.63658862864689,
    "XPT": 1599.1556458190075,
    "XPD": 1187.239549323867
  },
  "energy": {
    "WTI": 78.94
  },
  "note": "No synthetic data. If counts are 0, set METALPRICE_API_KEY and/or TWELVEDATA_API_KEY in the workflow env \u2014 then metal/energy books fill and get their own arenas/champions automatically."
}