{
  "generated_at": "2026-06-24T07:01:37.657556+00:00",
  "metals_fetched": 4,
  "energy_fetched": 1,
  "metals": {
    "XAU": 4086.8037108177696,
    "XAG": 61.839744775005364,
    "XPT": 1644.7368421052631,
    "XPD": 1230.8298254683307
  },
  "energy": {
    "WTI": 84.65
  },
  "note": "No synthetic data. If counts are 0, set METALPRICE_API_KEY and/or TWELVEDATA_API_KEY in the workflow env \u2014 then metal/energy books fill and get their own arenas/champions automatically."
}