{
  "generated_at": "2026-06-30T11:48:16.002400+00:00",
  "metals_fetched": 4,
  "energy_fetched": 1,
  "metals": {
    "XAU": 4029.8206729800527,
    "XAG": 59.033480247987846,
    "XPT": 1576.7896562598548,
    "XPD": 1233.912861073751
  },
  "energy": {
    "WTI": 78.94
  },
  "note": "No synthetic data. If counts are 0, set METALPRICE_API_KEY and/or TWELVEDATA_API_KEY in the workflow env \u2014 then metal/energy books fill and get their own arenas/champions automatically."
}