{
  "generated_at": "2026-06-24T01:10:07.776040+00:00",
  "metals_fetched": 4,
  "energy_fetched": 2,
  "metals": {
    "XAU": 4097.688903458449,
    "XAG": 61.541074667170484,
    "XPT": 1655.3002714692445,
    "XPD": 1233.988992818184
  },
  "energy": {
    "WTI": 84.65,
    "NATGAS": 3.06
  },
  "note": "No synthetic data. If counts are 0, set METALPRICE_API_KEY and/or TWELVEDATA_API_KEY in the workflow env \u2014 then metal/energy books fill and get their own arenas/champions automatically."
}