{
  "generated_at": "2026-06-24T23:19:59.081057+00:00",
  "metals_fetched": 4,
  "energy_fetched": 1,
  "metals": {
    "XAU": 3996.483094876509,
    "XAG": 57.51208472680322,
    "XPT": 1587.7300223869934,
    "XPD": 1174.3153741368783
  },
  "energy": {
    "WTI": 78.94
  },
  "note": "No synthetic data. If counts are 0, set METALPRICE_API_KEY and/or TWELVEDATA_API_KEY in the workflow env \u2014 then metal/energy books fill and get their own arenas/champions automatically."
}