{
  "generated_at": "2026-06-25T13:10:46.406281+00:00",
  "metals_fetched": 4,
  "energy_fetched": 1,
  "metals": {
    "XAU": 4012.841091492777,
    "XAG": 58.18574519065723,
    "XPT": 1582.403671176517,
    "XPD": 1185.269471014235
  },
  "energy": {
    "WTI": 78.94
  },
  "note": "No synthetic data. If counts are 0, set METALPRICE_API_KEY and/or TWELVEDATA_API_KEY in the workflow env \u2014 then metal/energy books fill and get their own arenas/champions automatically."
}