{
  "generated_at": "2026-06-25T03:52:01.666885+00:00",
  "metals_fetched": 4,
  "energy_fetched": 1,
  "metals": {
    "XAU": 3983.428935627788,
    "XAG": 56.905998119825824,
    "XPT": 1592.3313323036257,
    "XPD": 1177.828555275494
  },
  "energy": {
    "WTI": 78.94
  },
  "note": "No synthetic data. If counts are 0, set METALPRICE_API_KEY and/or TWELVEDATA_API_KEY in the workflow env \u2014 then metal/energy books fill and get their own arenas/champions automatically."
}