{
  "generated_at": "2026-07-01T09:37:58.082758+00:00",
  "metals_fetched": 4,
  "energy_fetched": 1,
  "metals": {
    "XAU": 3974.56279809221,
    "XAG": 57.71576026950951,
    "XPT": 1536.4995467326337,
    "XPD": 1201.7064231208315
  },
  "energy": {
    "WTI": 78.94
  },
  "note": "No synthetic data. If counts are 0, set METALPRICE_API_KEY and/or TWELVEDATA_API_KEY in the workflow env \u2014 then metal/energy books fill and get their own arenas/champions automatically."
}