{
  "generated_at": "2026-06-26T10:28:37.319643+00:00",
  "metals_fetched": 4,
  "energy_fetched": 1,
  "metals": {
    "XAU": 4047.272138578598,
    "XAG": 58.216502515535076,
    "XPT": 1604.7243083638232,
    "XPD": 1205.0225339213844
  },
  "energy": {
    "WTI": 78.94
  },
  "note": "No synthetic data. If counts are 0, set METALPRICE_API_KEY and/or TWELVEDATA_API_KEY in the workflow env \u2014 then metal/energy books fill and get their own arenas/champions automatically."
}