{
  "generated_at": "2026-06-25T14:43:32.272459+00:00",
  "metals_fetched": 4,
  "energy_fetched": 1,
  "metals": {
    "XAU": 4002.401440864519,
    "XAG": 57.01465561722641,
    "XPT": 1582.403671176517,
    "XPD": 1185.269471014235
  },
  "energy": {
    "WTI": 78.94
  },
  "note": "No synthetic data. If counts are 0, set METALPRICE_API_KEY and/or TWELVEDATA_API_KEY in the workflow env \u2014 then metal/energy books fill and get their own arenas/champions automatically."
}