{
  "generated_at": "2026-07-02T00:29:35.625712+00:00",
  "metals_fetched": 4,
  "energy_fetched": 1,
  "metals": {
    "XAU": 4035.1868291501896,
    "XAG": 59.107977862880134,
    "XPT": 1579.454456430749,
    "XPD": 1218.8136068351066
  },
  "energy": {
    "WTI": 71.87
  },
  "note": "No synthetic data. If counts are 0, set METALPRICE_API_KEY and/or TWELVEDATA_API_KEY in the workflow env \u2014 then metal/energy books fill and get their own arenas/champions automatically."
}