{
  "generated_at": "2026-06-23T08:53:11.558857+00:00",
  "metals_fetched": 4,
  "energy_fetched": 1,
  "metals": {
    "XAU": 4098.864614501783,
    "XAG": 61.90424898384176,
    "XPT": 1643.1693450326993,
    "XPD": 1241.5882396761938
  },
  "energy": {
    "WTI": 84.65
  },
  "note": "No synthetic data. If counts are 0, set METALPRICE_API_KEY and/or TWELVEDATA_API_KEY in the workflow env \u2014 then metal/energy books fill and get their own arenas/champions automatically."
}