{
  "generated_at": "2026-06-24T21:02:10.751800+00:00",
  "metals_fetched": 4,
  "energy_fetched": 1,
  "metals": {
    "XAU": 4000.160006400256,
    "XAG": 57.43627445349385,
    "XPT": 1578.7562558216637,
    "XPD": 1162.7095784015069
  },
  "energy": {
    "WTI": 84.65
  },
  "note": "No synthetic data. If counts are 0, set METALPRICE_API_KEY and/or TWELVEDATA_API_KEY in the workflow env \u2014 then metal/energy books fill and get their own arenas/champions automatically."
}