{
  "generated_at": "2026-06-30T04:23:14.985359+00:00",
  "metals_fetched": 4,
  "energy_fetched": 1,
  "metals": {
    "XAU": 3969.8292973402145,
    "XAG": 57.273178168839046,
    "XPT": 1563.9906786155555,
    "XPD": 1212.7386063207937
  },
  "energy": {
    "WTI": 78.94
  },
  "note": "No synthetic data. If counts are 0, set METALPRICE_API_KEY and/or TWELVEDATA_API_KEY in the workflow env \u2014 then metal/energy books fill and get their own arenas/champions automatically."
}