{
  "generated_at": "2026-06-29T17:49:48.861219+00:00",
  "metals_fetched": 4,
  "energy_fetched": 1,
  "metals": {
    "XAU": 4024.1448692152912,
    "XAG": 58.120983476785604,
    "XPT": 1576.9637140649393,
    "XPD": 1218.4720360667723
  },
  "energy": {
    "WTI": 78.94
  },
  "note": "No synthetic data. If counts are 0, set METALPRICE_API_KEY and/or TWELVEDATA_API_KEY in the workflow env \u2014 then metal/energy books fill and get their own arenas/champions automatically."
}